{ "_id" : { "$oid" : "5bf6dc0b1754971125d0358b" }, "user" : { "$oid" : "571e80284844f1b51a3fe2d9" }, "derecho" : { "$oid" : "56a2cd7ba88a7ed63fda93f1" }, "tramite" : { "$oid" : "56a2eda1a88a7ed63fda94a6" }, "codigo" : 1, "archivo" : "1.jpg", "fechavencDescarte" : false, "created" : { "$date" : "2018-11-22T11:40:43.088-0500" }, "finalizado" : true, "fechas" : { "fecvigenteDescarte" : false, "fecvencDescarte" : false, "obs" : "", "fecpubDescarte" : false, "noti" : "" }, "subclases" : [ { "clase" : "07", "codigo" : "01", "_id" : { "$oid" : "5bf6dd171754971125d03593" } }, { "clase" : "09", "codigo" : "01", "_id" : { "$oid" : "5bf6dd171754971125d03592" } }, { "clase" : "12", "codigo" : "01", "_id" : { "$oid" : "5bf6dd171754971125d03591" } }, { "clase" : "36", "codigo" : "01", "_id" : { "$oid" : "5bf6dd171754971125d03590" } }, { "clase" : "37", "codigo" : "01", "_id" : { "$oid" : "5bf6e39d1754971125d03598" } }, { "clase" : "38", "codigo" : "01", "_id" : { "$oid" : "5bf6dd171754971125d0358f" } }, { "clase" : "39", "codigo" : "01", "_id" : { "$oid" : "5bf6dd171754971125d0358e" } }, { "clase" : "41", "codigo" : "01", "_id" : { "$oid" : "5bf6dd171754971125d0358d" } }, { "clase" : "42", "codigo" : "01", "_id" : { "$oid" : "5bf6dd171754971125d0358c" } } ], "clases" : [ "07", "09", "12", "36", "37", "38", "39", "41", "42" ], "numcertificado" : "6029", "numexpediente" : "449755-2011", "nomsigno" : "AIRBUS", "nomtit" : "AIRBUS SAS", "codtit" : "AIRBUS", "nomcli" : "AIRBUS SAS", "codcli" : "AIRBUS", "__v" : 0, "fechavenc" : { "$date" : "2021-12-07T00:00:00.000-0500" }, "deslogo" : "UN CIRCULO QUE CONTIENE LINEAS Y LA PALABRA AIRBUS ESCRITA EN LETRAS CARACTERISTICAS.", "estado" : "REGISTRADA", "interes" : "", "pripais" : "", "prifecha" : null, "prinumero" : "" }
{ "_id" : { "$oid" : "5bfdca4e1754971125d0359e" }, "user" : { "$oid" : "571e80284844f1b51a3fe2d9" }, "fechavenc" : { "$date" : "2028-08-08T00:00:00.000-0500" }, "derecho" : { "$oid" : "56a2cd7ba88a7ed63fda93ef" }, "tramite" : { "$oid" : "56a2eda1a88a7ed63fda94a7" }, "codigo" : 3, "fechavencDescarte" : false, "created" : { "$date" : "2018-11-27T17:50:54.640-0500" }, "finalizado" : true, "fechas" : { "fecvigenteDescarte" : false, "fecvencDescarte" : false, "obs" : "", "fecpubDescarte" : false, "noti" : "" }, "subclases" : [ { "clase" : "29", "codigo" : "03", "_id" : { "$oid" : "5bfdca4e1754971125d0359f" } } ], "clases" : [ "29" ], "numcertificado" : "141190", "numexpediente" : "773205-2018", "nomsigno" : "MI GRAMAL", "nomtit" : "MIGUEL GRAU ORLANDINI", "codtit" : "MGOT", "nomcli" : "MIGUEL GRAU ORLANDINI", "codcli" : "MGOO", "__v" : 0 }
{ "_id" : { "$oid" : "5bfeaf45598f069cad2fb9a8" }, "user" : { "$oid" : "5bfdd0561754971125d035a0" }, "deslogo" : "LA DENOMINACIÓN COPA AIRLINES DREAMS BUSINESS CLASS Y LOGOTIPO (SE REIVINDICA COLORES), CONFORME AL MODELO.", "fechavenc" : { "$date" : "2028-10-01T00:00:00.000-0500" }, "estado" : "", "derecho" : { "$oid" : "56a2cd7ba88a7ed63fda93f1" }, "tramite" : { "$oid" : "56a2eda1a88a7ed63fda94a6" }, "codigo" : 4, "archivo" : "750192D-2018.GIF", "fechavencDescarte" : false, "created" : { "$date" : "2018-11-28T10:07:49.868-0500" }, "finalizado" : true, "fechas" : { "fecvigenteDescarte" : false, "fecvencDescarte" : false, "obs" : "", "fecpubDescarte" : false, "noti" : "" }, "subclases" : [ { "clase" : "20", "codigo" : "04", "_id" : { "$oid" : "5bfeb336598f069cad2fb9cb" } }, { "clase" : "20", "codigo" : "05", "_id" : { "$oid" : "5bfeb336598f069cad2fb9ca" } }, { "clase" : "24", "codigo" : "03", "_id" : { "$oid" : "5bfeb470598f069cad2fb9ce" } }, { "clase" : "25", "codigo" : "05", "_id" : { "$oid" : "5bfeb4c5598f069cad2fb9d0" } }, { "clase" : "35", "codigo" : "01", "_id" : { "$oid" : "5bfeb544598f069cad2fb9d6" } }, { "clase" : "35", "codigo" : "02", "_id" : { "$oid" : "5bfeb544598f069cad2fb9d5" } }, { "clase" : "35", "codigo" : "03", "_id" : { "$oid" : "5bfeb544598f069cad2fb9d4" } }, { "clase" : "35", "codigo" : "06", "_id" : { "$oid" : "5bfeb544598f069cad2fb9d3" } }, { "clase" : "39", "codigo" : "02", "_id" : { "$oid" : "5bfeaf45598f069cad2fb9aa" } }, { "clase" : "39", "codigo" : "03", "_id" : { "$oid" : "5bfeaf45598f069cad2fb9a9" } }, { "clase" : "39", "codigo" : "04", "_id" : { "$oid" : "5bfeb239598f069cad2fb9c5" } }, { "clase" : "39", "codigo" : "05", "_id" : { "$oid" : "5bfeb239598f069cad2fb9c4" } }, { "clase" : "39", "codigo" : "06", "_id" : { "$oid" : "5bfeb239598f069cad2fb9c3" } }, { "clase" : "39", "codigo" : "07", "_id" : { "$oid" : "5bfeb239598f069cad2fb9c2" } }, { "clase" : "39", "codigo" : "08", "_id" : { "$oid" : "5bfeb239598f069cad2fb9c1" } }, { "clase" : "43", "codigo" : "43", "_id" : { "$oid" : "5bfeb266598f069cad2fb9c6" } } ], "clases" : [ "20", "24", "25", "35", "39", "43" ], "numcertificado" : "21640", "numexpediente" : "750192-2018", "nomsigno" : "COPA AIRLINES DREAMS BUSINESS CLASS", "nomtit" : "COMPAÑIA DE AVIACION COPA", "codtit" : "COPA", "nomcli" : "COMPAÑIA PANAMEÑA DE AVIACION S.A. (COPA) SUCURSAL DEL PERU", "codcli" : "COPA", "__v" : 0, "interes" : "", "pripais" : "", "prifecha" : null, "prinumero" : "" }
{ "_id" : { "$oid" : "5bfeb631598f069cad2fb9d7" }, "user" : { "$oid" : "5bfdd0561754971125d035a0" }, "deslogo" : "LA DENOMINACIÓN ECONOMY EXTRA Y LOGOTIPO (SE REIVINDICA COLORES); CONFORME AL MODELO.", "fechavenc" : { "$date" : "2028-07-10T00:00:00.000-0500" }, "derecho" : { "$oid" : "56a2cd7ba88a7ed63fda93f1" }, "tramite" : { "$oid" : "56a2eda1a88a7ed63fda94a6" }, "codigo" : 5, "archivo" : "750193-2018.GIF", "fechavencDescarte" : false, "created" : { "$date" : "2018-11-28T10:37:21.667-0500" }, "finalizado" : true, "fechas" : { "fecvigenteDescarte" : false, "fecvencDescarte" : false, "obs" : "", "fecpubDescarte" : false, "noti" : "" }, "subclases" : [ { "clase" : "35", "codigo" : "01", "_id" : { "$oid" : "5bfeb631598f069cad2fb9db" } }, { "clase" : "35", "codigo" : "02", "_id" : { "$oid" : "5bfeb631598f069cad2fb9da" } }, { "clase" : "35", "codigo" : "03", "_id" : { "$oid" : "5bfeb631598f069cad2fb9d9" } }, { "clase" : "35", "codigo" : "06", "_id" : { "$oid" : "5bfeb631598f069cad2fb9d8" } }, { "clase" : "39", "codigo" : "02", "_id" : { "$oid" : "5bfeb787598f069cad2fb9e1" } }, { "clase" : "39", "codigo" : "04", "_id" : { "$oid" : "5bfeb787598f069cad2fb9e0" } }, { "clase" : "39", "codigo" : "05", "_id" : { "$oid" : "5bfeb787598f069cad2fb9df" } }, { "clase" : "39", "codigo" : "06", "_id" : { "$oid" : "5bfeb787598f069cad2fb9de" } }, { "clase" : "39", "codigo" : "07", "_id" : { "$oid" : "5bfeb787598f069cad2fb9dd" } }, { "clase" : "39", "codigo" : "08", "_id" : { "$oid" : "5bfeb787598f069cad2fb9dc" } }, { "clase" : "43", "codigo" : "43", "_id" : { "$oid" : "5bfeb7b0598f069cad2fb9e2" } } ], "clases" : [ "35", "39", "43" ], "numcertificado" : "20915", "numexpediente" : "750193-2018", "nomsigno" : "ECONOMY EXTRA", "nomtit" : "COMPAÑIA DE AVIACION COPA", "codtit" : "COPA", "nomcli" : "COMPAÑIA PANAMEÑA DE AVIACION S.A. (COPA) SUCURSAL DEL PERU", "codcli" : "COPA", "__v" : 0, "estado" : "", "interes" : "", "pripais" : "", "prifecha" : null, "prinumero" : "" }
{ "_id" : { "$oid" : "5bfeb9a0598f069cad2fb9e3" }, "user" : { "$oid" : "5bfdd0561754971125d035a0" }, "fechavenc" : { "$date" : "2028-07-10T00:00:00.000-0500" }, "derecho" : { "$oid" : "56a2cd7ba88a7ed63fda93f1" }, "tramite" : { "$oid" : "56a2eda1a88a7ed63fda94a6" }, "codigo" : 6, "archivo" : "750194-2018.GIF", "fechavencDescarte" : false, "created" : { "$date" : "2018-11-28T10:52:00.493-0500" }, "finalizado" : false, "fechas" : { "fecvigenteDescarte" : false, "fecvencDescarte" : false, "obs" : "", "fecpubDescarte" : false, "noti" : "" }, "subclases" : [ { "clase" : "35", "codigo" : "01", "_id" : { "$oid" : "5bfeb9a0598f069cad2fb9ee" } }, { "clase" : "35", "codigo" : "02", "_id" : { "$oid" : "5bfeb9a0598f069cad2fb9ed" } }, { "clase" : "35", "codigo" : "03", "_id" : { "$oid" : "5bfeb9a0598f069cad2fb9ec" } }, { "clase" : "35", "codigo" : "06", "_id" : { "$oid" : "5bfeb9a0598f069cad2fb9eb" } }, { "clase" : "39", "codigo" : "02", "_id" : { "$oid" : "5bfeb9a0598f069cad2fb9ea" } }, { "clase" : "39", "codigo" : "04", "_id" : { "$oid" : "5bfeb9a0598f069cad2fb9e9" } }, { "clase" : "39", "codigo" : "05", "_id" : { "$oid" : "5bfeb9a0598f069cad2fb9e8" } }, { "clase" : "39", "codigo" : "06", "_id" : { "$oid" : "5bfeb9a0598f069cad2fb9e7" } }, { "clase" : "39", "codigo" : "07", "_id" : { "$oid" : "5bfeb9a0598f069cad2fb9e6" } }, { "clase" : "39", "codigo" : "08", "_id" : { "$oid" : "5bfeb9a0598f069cad2fb9e5" } }, { "clase" : "43", "codigo" : "43", "_id" : { "$oid" : "5bfeb9a0598f069cad2fb9e4" } } ], "clases" : [ "35", "39", "43" ], "numcertificado" : "20917", "numexpediente" : "750194-2018", "nomsigno" : "ECONOMY EXTRA", "nomtit" : "COMPAÑIA DE AVIACION COPA", "codtit" : "COPA", "nomcli" : "COMPAÑIA PANAMEÑA DE AVIACION S.A. (COPA) SUCURSAL DEL PERU", "codcli" : "COPA", "__v" : 0 }
{ "_id" : { "$oid" : "5bfec930598f069cad2fb9ef" }, "user" : { "$oid" : "5bfdd0561754971125d035a0" }, "deslogo" : "LA DENOMINACIÓN COPA SHOWPASS ENTRETENIMIENTO INALÁMBRICO WIRELESS ENTERTAINMENT DENTRO DE UN TICKET AZUL.", "fechavenc" : { "$date" : "2028-07-10T00:00:00.000-0500" }, "derecho" : { "$oid" : "56a2cd7ba88a7ed63fda93f1" }, "tramite" : { "$oid" : "56a2eda1a88a7ed63fda94a6" }, "codigo" : 7, "archivo" : "750195-2018.GIF", "fechavencDescarte" : false, "created" : { "$date" : "2018-11-28T11:58:24.265-0500" }, "finalizado" : true, "fechas" : { "fecvigenteDescarte" : false, "fecvencDescarte" : false, "obs" : "", "fecpubDescarte" : false, "noti" : "" }, "subclases" : [ { "clase" : "35", "codigo" : "01", "_id" : { "$oid" : "5bfec930598f069cad2fb9fb" } }, { "clase" : "35", "codigo" : "02", "_id" : { "$oid" : "5bfec930598f069cad2fb9fa" } }, { "clase" : "35", "codigo" : "03", "_id" : { "$oid" : "5bfec930598f069cad2fb9f9" } }, { "clase" : "35", "codigo" : "06", "_id" : { "$oid" : "5bfec930598f069cad2fb9f8" } }, { "clase" : "39", "codigo" : "02", "_id" : { "$oid" : "5bfec930598f069cad2fb9f7" } }, { "clase" : "39", "codigo" : "03", "_id" : { "$oid" : "5bfec930598f069cad2fb9f6" } }, { "clase" : "39", "codigo" : "04", "_id" : { "$oid" : "5bfec930598f069cad2fb9f5" } }, { "clase" : "39", "codigo" : "05", "_id" : { "$oid" : "5bfec930598f069cad2fb9f4" } }, { "clase" : "39", "codigo" : "06", "_id" : { "$oid" : "5bfec930598f069cad2fb9f3" } }, { "clase" : "39", "codigo" : "07", "_id" : { "$oid" : "5bfec930598f069cad2fb9f2" } }, { "clase" : "39", "codigo" : "08", "_id" : { "$oid" : "5bfec930598f069cad2fb9f1" } }, { "clase" : "43", "codigo" : "43", "_id" : { "$oid" : "5bfec930598f069cad2fb9f0" } } ], "clases" : [ "35", "39", "43" ], "numcertificado" : "20911", "numexpediente" : "750195-2018", "nomsigno" : "COPA SHOWPASS ENTRETENIMIENTO INALÁMBRICO WIRELESS ENTERTAINMENT", "nomtit" : "COMPAÑIA DE AVIACION COPA", "codtit" : "COPA", "nomcli" : "COMPAÑIA PANAMEÑA DE AVIACION S.A. (COPA) SUCURSAL DEL PERU", "codcli" : "COPA", "__v" : 0 }
{ "_id" : { "$oid" : "5bfed004598f069cad2fb9fc" }, "user" : { "$oid" : "5bfdd0561754971125d035a0" }, "deslogo" : "DENOMINACIONES CONECTADOS TODO ES POSIBLE COPAIRLINES Y LOGOTIPO.", "fechavenc" : { "$date" : "2023-06-19T00:00:00.000-0500" }, "derecho" : { "$oid" : "56a2cd7ba88a7ed63fda93f1" }, "tramite" : { "$oid" : "56a2eda1a88a7ed63fda94a6" }, "codigo" : 8, "archivo" : "508213-2012.GIF", "fechavencDescarte" : false, "created" : { "$date" : "2018-11-28T12:27:32.350-0500" }, "finalizado" : true, "fechas" : { "fecvigenteDescarte" : false, "fecvencDescarte" : false, "obs" : "", "fecpubDescarte" : false, "noti" : "" }, "subclases" : [ { "clase" : "09", "codigo" : "01", "_id" : { "$oid" : "5bfed004598f069cad2fba04" } }, { "clase" : "09", "codigo" : "02", "_id" : { "$oid" : "5bfed004598f069cad2fba03" } }, { "clase" : "09", "codigo" : "03", "_id" : { "$oid" : "5bfed004598f069cad2fba02" } }, { "clase" : "09", "codigo" : "04", "_id" : { "$oid" : "5bfed004598f069cad2fba01" } }, { "clase" : "09", "codigo" : "05", "_id" : { "$oid" : "5bfed004598f069cad2fba00" } }, { "clase" : "09", "codigo" : "06", "_id" : { "$oid" : "5bfed004598f069cad2fb9ff" } }, { "clase" : "09", "codigo" : "07", "_id" : { "$oid" : "5bfed004598f069cad2fb9fe" } }, { "clase" : "16", "codigo" : "17", "_id" : { "$oid" : "5bfed0bb598f069cad2fba11" } }, { "clase" : "35", "codigo" : "01", "_id" : { "$oid" : "5bfed0bb598f069cad2fba10" } }, { "clase" : "35", "codigo" : "02", "_id" : { "$oid" : "5bfed0bb598f069cad2fba0f" } }, { "clase" : "35", "codigo" : "03", "_id" : { "$oid" : "5bfed0bb598f069cad2fba0e" } }, { "clase" : "35", "codigo" : "06", "_id" : { "$oid" : "5bfed0bb598f069cad2fba0d" } }, { "clase" : "35", "codigo" : "07", "_id" : { "$oid" : "5bfed177598f069cad2fba18" } }, { "clase" : "35", "codigo" : "08", "_id" : { "$oid" : "5bfed177598f069cad2fba17" } }, { "clase" : "39", "codigo" : "04", "_id" : { "$oid" : "5bfed177598f069cad2fba16" } }, { "clase" : "39", "codigo" : "05", "_id" : { "$oid" : "5bfed177598f069cad2fba15" } }, { "clase" : "39", "codigo" : "09", "_id" : { "$oid" : "5bfed242598f069cad2fba1f" } }, { "clase" : "39", "codigo" : "10", "_id" : { "$oid" : "5bfed242598f069cad2fba1e" } }, { "clase" : "39", "codigo" : "11", "_id" : { "$oid" : "5bfed25a598f069cad2fba20" } } ], "clases" : [ "09", "16", "35", "39" ], "numcertificado" : "6215", "numexpediente" : "508213-2012", "nomsigno" : "CONECTADOS TODO ES POSIBLE COPA AIRLINES", "nomtit" : "COMPAÑIA DE AVIACION COPA", "codtit" : "COPA", "nomcli" : "COMPAÑIA PANAMEÑA DE AVIACION S.A. (COPA) SUCURSAL DEL PERU", "codcli" : "COPA", "__v" : 0, "estado" : "", "interes" : "", "pripais" : "", "prifecha" : null, "prinumero" : "" }
{ "_id" : { "$oid" : "5c004b33598f069cad2fba21" }, "user" : { "$oid" : "5bfdd0561754971125d035a0" }, "deslogo" : "", "fechavenc" : { "$date" : "2028-08-08T00:00:00.000-0500" }, "derecho" : { "$oid" : "56a2cd7ba88a7ed63fda93ef" }, "tramite" : { "$oid" : "56a2eda1a88a7ed63fda94a7" }, "codigo" : 9, "fechavencDescarte" : false, "created" : { "$date" : "2018-11-29T15:25:23.142-0500" }, "finalizado" : true, "fechas" : { "fecvigenteDescarte" : false, "fecvencDescarte" : false, "obs" : "", "fecpubDescarte" : false, "noti" : "" }, "subclases" : [ { "clase" : "33", "codigo" : "01", "_id" : { "$oid" : "5c004bb7598f069cad2fba29" } }, { "clase" : "33", "codigo" : "02", "_id" : { "$oid" : "5c004bb7598f069cad2fba28" } }, { "clase" : "33", "codigo" : "03", "_id" : { "$oid" : "5c004bb7598f069cad2fba27" } }, { "clase" : "33", "codigo" : "04", "_id" : { "$oid" : "5c004bb7598f069cad2fba26" } } ], "clases" : [ "33" ], "numcertificado" : "141191", "numexpediente" : "773206-2018", "nomsigno" : "MI GRAMAL", "nomtit" : "MIGUEL GRAU ORLANDINI", "codtit" : "MGOT", "nomcli" : "MIGUEL GRAU ORLANDINI", "codcli" : "MGOO", "__v" : 0, "archivo" : "", "estado" : "", "interes" : "", "pripais" : "", "prifecha" : null, "prinumero" : "" }
{ "_id" : { "$oid" : "5c004e83598f069cad2fba2b" }, "user" : { "$oid" : "5bfdd0561754971125d035a0" }, "fechavenc" : { "$date" : "2021-12-07T00:00:00.000-0500" }, "deslogo" : "DENOMINACIÓN AIRBUS", "derecho" : { "$oid" : "56a2cd7ba88a7ed63fda93ef" }, "tramite" : { "$oid" : "56a2eda1a88a7ed63fda94a6" }, "codigo" : 10, "fechavencDescarte" : false, "created" : { "$date" : "2018-11-29T15:39:31.921-0500" }, "finalizado" : true, "fechas" : { "fecvigenteDescarte" : false, "fecvencDescarte" : false, "obs" : "", "fecpubDescarte" : false, "noti" : "" }, "subclases" : [ { "clase" : "07", "codigo" : "01", "_id" : { "$oid" : "5c004e83598f069cad2fba2c" } }, { "clase" : "07", "codigo" : "02", "_id" : { "$oid" : "5c0051de598f069cad2fba40" } }, { "clase" : "07", "codigo" : "06", "_id" : { "$oid" : "5c0051de598f069cad2fba3f" } }, { "clase" : "07", "codigo" : "07", "_id" : { "$oid" : "5c0051de598f069cad2fba3e" } }, { "clase" : "07", "codigo" : "08", "_id" : { "$oid" : "5c0051de598f069cad2fba3d" } }, { "clase" : "07", "codigo" : "09", "_id" : { "$oid" : "5c0051de598f069cad2fba3c" } }, { "clase" : "07", "codigo" : "10", "_id" : { "$oid" : "5c0051de598f069cad2fba3b" } }, { "clase" : "07", "codigo" : "11", "_id" : { "$oid" : "5c0051de598f069cad2fba3a" } }, { "clase" : "07", "codigo" : "12", "_id" : { "$oid" : "5c0051de598f069cad2fba39" } }, { "clase" : "07", "codigo" : "13", "_id" : { "$oid" : "5c0051de598f069cad2fba38" } }, { "clase" : "09", "codigo" : "01", "_id" : { "$oid" : "5c0051de598f069cad2fba37" } }, { "clase" : "09", "codigo" : "02", "_id" : { "$oid" : "5c0051de598f069cad2fba36" } }, { "clase" : "09", "codigo" : "03", "_id" : { "$oid" : "5c005827598f069cad2fba7e" } }, { "clase" : "09", "codigo" : "08", "_id" : { "$oid" : "5c005827598f069cad2fba7d" } }, { "clase" : "09", "codigo" : "09", "_id" : { "$oid" : "5c005827598f069cad2fba7c" } }, { "clase" : "09", "codigo" : "10", "_id" : { "$oid" : "5c005827598f069cad2fba7b" } }, { "clase" : "09", "codigo" : "11", "_id" : { "$oid" : "5c005827598f069cad2fba7a" } }, { "clase" : "09", "codigo" : "12", "_id" : { "$oid" : "5c005827598f069cad2fba79" } }, { "clase" : "09", "codigo" : "13", "_id" : { "$oid" : "5c005827598f069cad2fba78" } }, { "clase" : "09", "codigo" : "14", "_id" : { "$oid" : "5c005827598f069cad2fba77" } }, { "clase" : "09", "codigo" : "15", "_id" : { "$oid" : "5c005827598f069cad2fba76" } }, { "clase" : "09", "codigo" : "16", "_id" : { "$oid" : "5c005827598f069cad2fba75" } }, { "clase" : "09", "codigo" : "17", "_id" : { "$oid" : "5c005827598f069cad2fba74" } }, { "clase" : "09", "codigo" : "18", "_id" : { "$oid" : "5c005827598f069cad2fba73" } }, { "clase" : "09", "codigo" : "19", "_id" : { "$oid" : "5c005827598f069cad2fba72" } }, { "clase" : "09", "codigo" : "20", "_id" : { "$oid" : "5c005827598f069cad2fba71" } }, { "clase" : "09", "codigo" : "21", "_id" : { "$oid" : "5c005827598f069cad2fba70" } }, { "clase" : "09", "codigo" : "22", "_id" : { "$oid" : "5c005827598f069cad2fba6f" } }, { "clase" : "09", "codigo" : "23", "_id" : { "$oid" : "5c005827598f069cad2fba6e" } }, { "clase" : "09", "codigo" : "24", "_id" : { "$oid" : "5c005827598f069cad2fba6d" } }, { "clase" : "09", "codigo" : "25", "_id" : { "$oid" : "5c005827598f069cad2fba6c" } }, { "clase" : "09", "codigo" : "26", "_id" : { "$oid" : "5c005827598f069cad2fba6b" } }, { "clase" : "09", "codigo" : "27", "_id" : { "$oid" : "5c005827598f069cad2fba6a" } }, { "clase" : "09", "codigo" : "28", "_id" : { "$oid" : "5c005827598f069cad2fba69" } }, { "clase" : "09", "codigo" : "29", "_id" : { "$oid" : "5c005827598f069cad2fba68" } }, { "clase" : "09", "codigo" : "30", "_id" : { "$oid" : "5c005827598f069cad2fba67" } }, { "clase" : "12", "codigo" : "03", "_id" : { "$oid" : "5c006c68598f069cad2fbae4" } }, { "clase" : "12", "codigo" : "04", "_id" : { "$oid" : "5c006c68598f069cad2fbae3" } }, { "clase" : "12", "codigo" : "05", "_id" : { "$oid" : "5c006c68598f069cad2fbae2" } }, { "clase" : "12", "codigo" : "06", "_id" : { "$oid" : "5c006c68598f069cad2fbae1" } }, { "clase" : "12", "codigo" : "07", "_id" : { "$oid" : "5c006c68598f069cad2fbae0" } }, { "clase" : "12", "codigo" : "08", "_id" : { "$oid" : "5c006c68598f069cad2fbadf" } }, { "clase" : "12", "codigo" : "09", "_id" : { "$oid" : "5c006c68598f069cad2fbade" } }, { "clase" : "36", "codigo" : "02", "_id" : { "$oid" : "5c0051de598f069cad2fba35" } }, { "clase" : "36", "codigo" : "03", "_id" : { "$oid" : "5c005341598f069cad2fba4d" } }, { "clase" : "36", "codigo" : "04", "_id" : { "$oid" : "5c005341598f069cad2fba4c" } }, { "clase" : "36", "codigo" : "05", "_id" : { "$oid" : "5c005341598f069cad2fba4b" } }, { "clase" : "36", "codigo" : "06", "_id" : { "$oid" : "5c005341598f069cad2fba4a" } }, { "clase" : "36", "codigo" : "07", "_id" : { "$oid" : "5c005341598f069cad2fba49" } }, { "clase" : "37", "codigo" : "02", "_id" : { "$oid" : "5c006d1b598f069cad2fbaee" } }, { "clase" : "37", "codigo" : "03", "_id" : { "$oid" : "5c006d1b598f069cad2fbaed" } }, { "clase" : "37", "codigo" : "04", "_id" : { "$oid" : "5c006d1b598f069cad2fbaec" } }, { "clase" : "37", "codigo" : "05", "_id" : { "$oid" : "5c006d1b598f069cad2fbaeb" } }, { "clase" : "37", "codigo" : "06", "_id" : { "$oid" : "5c006d1b598f069cad2fbaea" } }, { "clase" : "38", "codigo" : "02", "_id" : { "$oid" : "5c006aed598f069cad2fbad6" } }, { "clase" : "38", "codigo" : "03", "_id" : { "$oid" : "5c006aed598f069cad2fbad5" } }, { "clase" : "38", "codigo" : "04", "_id" : { "$oid" : "5c006aed598f069cad2fbad4" } }, { "clase" : "38", "codigo" : "05", "_id" : { "$oid" : "5c006aed598f069cad2fbad3" } }, { "clase" : "38", "codigo" : "06", "_id" : { "$oid" : "5c006aed598f069cad2fbad2" } }, { "clase" : "38", "codigo" : "07", "_id" : { "$oid" : "5c006aed598f069cad2fbad1" } }, { "clase" : "38", "codigo" : "08", "_id" : { "$oid" : "5c006aed598f069cad2fbad0" } }, { "clase" : "38", "codigo" : "09", "_id" : { "$oid" : "5c006aed598f069cad2fbacf" } }, { "clase" : "38", "codigo" : "10", "_id" : { "$oid" : "5c006aed598f069cad2fbace" } }, { "clase" : "38", "codigo" : "11", "_id" : { "$oid" : "5c006aed598f069cad2fbacd" } }, { "clase" : "38", "codigo" : "12", "_id" : { "$oid" : "5c006aed598f069cad2fbacc" } }, { "clase" : "38", "codigo" : "13", "_id" : { "$oid" : "5c006aed598f069cad2fbacb" } }, { "clase" : "38", "codigo" : "14", "_id" : { "$oid" : "5c006aed598f069cad2fbaca" } }, { "clase" : "38", "codigo" : "15", "_id" : { "$oid" : "5c006aed598f069cad2fbac9" } }, { "clase" : "38", "codigo" : "16", "_id" : { "$oid" : "5c006aed598f069cad2fbac8" } }, { "clase" : "38", "codigo" : "17", "_id" : { "$oid" : "5c006aed598f069cad2fbac7" } }, { "clase" : "38", "codigo" : "18", "_id" : { "$oid" : "5c006aed598f069cad2fbac6" } }, { "clase" : "39", "codigo" : "01", "_id" : { "$oid" : "5c007067598f069cad2fbb0e" } }, { "clase" : "39", "codigo" : "02", "_id" : { "$oid" : "5c007067598f069cad2fbb0d" } }, { "clase" : "39", "codigo" : "03", "_id" : { "$oid" : "5c007067598f069cad2fbb0c" } }, { "clase" : "39", "codigo" : "09", "_id" : { "$oid" : "5c007067598f069cad2fbb0b" } }, { "clase" : "39", "codigo" : "14", "_id" : { "$oid" : "5c007067598f069cad2fbb0a" } }, { "clase" : "39", "codigo" : "15", "_id" : { "$oid" : "5c007067598f069cad2fbb09" } }, { "clase" : "39", "codigo" : "16", "_id" : { "$oid" : "5c007067598f069cad2fbb08" } }, { "clase" : "39", "codigo" : "17", "_id" : { "$oid" : "5c007067598f069cad2fbb07" } }, { "clase" : "39", "codigo" : "18", "_id" : { "$oid" : "5c007067598f069cad2fbb06" } }, { "clase" : "41", "codigo" : "02", "_id" : { "$oid" : "5c006e47598f069cad2fbafc" } }, { "clase" : "41", "codigo" : "03", "_id" : { "$oid" : "5c006e47598f069cad2fbafb" } }, { "clase" : "41", "codigo" : "04", "_id" : { "$oid" : "5c006e47598f069cad2fbafa" } }, { "clase" : "41", "codigo" : "05", "_id" : { "$oid" : "5c006e47598f069cad2fbaf9" } }, { "clase" : "41", "codigo" : "06", "_id" : { "$oid" : "5c006e47598f069cad2fbaf8" } }, { "clase" : "41", "codigo" : "07", "_id" : { "$oid" : "5c006e47598f069cad2fbaf7" } }, { "clase" : "41", "codigo" : "08", "_id" : { "$oid" : "5c006e66598f069cad2fbafd" } }, { "clase" : "42", "codigo" : "02", "_id" : { "$oid" : "5c005fec598f069cad2fbab5" } }, { "clase" : "42", "codigo" : "03", "_id" : { "$oid" : "5c005fec598f069cad2fbab4" } }, { "clase" : "42", "codigo" : "04", "_id" : { "$oid" : "5c005fec598f069cad2fbab3" } }, { "clase" : "42", "codigo" : "05", "_id" : { "$oid" : "5c005fec598f069cad2fbab2" } }, { "clase" : "42", "codigo" : "06", "_id" : { "$oid" : "5c005fec598f069cad2fbab1" } }, { "clase" : "42", "codigo" : "07", "_id" : { "$oid" : "5c005fec598f069cad2fbab0" } }, { "clase" : "42", "codigo" : "08", "_id" : { "$oid" : "5c005fec598f069cad2fbaaf" } }, { "clase" : "42", "codigo" : "09", "_id" : { "$oid" : "5c005fec598f069cad2fbaae" } }, { "clase" : "42", "codigo" : "10", "_id" : { "$oid" : "5c005fec598f069cad2fbaad" } }, { "clase" : "42", "codigo" : "11", "_id" : { "$oid" : "5c005fec598f069cad2fbaac" } }, { "clase" : "42", "codigo" : "12", "_id" : { "$oid" : "5c005fec598f069cad2fbaab" } }, { "clase" : "42", "codigo" : "13", "_id" : { "$oid" : "5c005fec598f069cad2fbaaa" } }, { "clase" : "42", "codigo" : "14", "_id" : { "$oid" : "5c005fec598f069cad2fbaa9" } }, { "clase" : "42", "codigo" : "15", "_id" : { "$oid" : "5c005fec598f069cad2fbaa8" } }, { "clase" : "42", "codigo" : "16", "_id" : { "$oid" : "5c005fec598f069cad2fbaa7" } }, { "clase" : "42", "codigo" : "17", "_id" : { "$oid" : "5c005fec598f069cad2fbaa6" } }, { "clase" : "42", "codigo" : "18", "_id" : { "$oid" : "5c005fec598f069cad2fbaa5" } }, { "clase" : "42", "codigo" : "19", "_id" : { "$oid" : "5c005fec598f069cad2fbaa4" } }, { "clase" : "42", "codigo" : "20", "_id" : { "$oid" : "5c005fec598f069cad2fbaa3" } }, { "clase" : "42", "codigo" : "21", "_id" : { "$oid" : "5c005fec598f069cad2fbaa2" } }, { "clase" : "42", "codigo" : "22", "_id" : { "$oid" : "5c005fec598f069cad2fbaa1" } }, { "clase" : "42", "codigo" : "23", "_id" : { "$oid" : "5c005fec598f069cad2fbaa0" } }, { "clase" : "42", "codigo" : "24", "_id" : { "$oid" : "5c005fec598f069cad2fba9f" } }, { "clase" : "42", "codigo" : "25", "_id" : { "$oid" : "5c005fec598f069cad2fba9e" } }, { "clase" : "42", "codigo" : "26", "_id" : { "$oid" : "5c005fec598f069cad2fba9d" } }, { "clase" : "42", "codigo" : "27", "_id" : { "$oid" : "5c005fec598f069cad2fba9c" } } ], "clases" : [ "07", "09", "12", "36", "37", "38", "39", "41", "42" ], "numcertificado" : "6030", "numexpediente" : "449756-2011", "nomsigno" : "AIRBUS", "nomtit" : "AIRBUS SAS", "codtit" : "AIRBUS", "nomcli" : "AIRBUS SAS", "codcli" : "AIRBUS", "__v" : 0, "archivo" : "", "estado" : "", "interes" : "", "pripais" : "", "prifecha" : null, "prinumero" : "" }
{ "_id" : { "$oid" : "5c053d2e598f069cad2fbb0f" }, "user" : { "$oid" : "5bfdd0561754971125d035a0" }, "deslogo" : "", "fechavenc" : { "$date" : "2022-10-30T00:00:00.000-0500" }, "derecho" : { "$oid" : "56a2cd7ba88a7ed63fda93ef" }, "tramite" : { "$oid" : "56a2eda1a88a7ed63fda94a6" }, "codigo" : 11, "fechavencDescarte" : false, "created" : { "$date" : "2018-12-03T09:26:54.535-0500" }, "finalizado" : true, "fechas" : { "fecvigenteDescarte" : false, "fecvencDescarte" : false, "obs" : "", "fecpubDescarte" : false, "noti" : "" }, "subclases" : [ { "clase" : "33", "codigo" : "03", "_id" : { "$oid" : "5c053d2e598f069cad2fbb10" } }, { "clase" : "33", "codigo" : "05", "_id" : { "$oid" : "5c053d54598f069cad2fbb12" } } ], "clases" : [ "33" ], "numcertificado" : "84392", "numexpediente" : "505969-2012", "nomsigno" : "SANTIAGO QUEIROLO EL SABOR DEL BUEN VINO", "nomtit" : "SANTIAGO QUEIROLO S.A.C.", "codtit" : "SANTIAGO", "nomcli" : "SANTIAGO QUEIROLO S.A.C.", "codcli" : "QUEIROLO", "__v" : 0, "archivo" : "", "estado" : "", "interes" : "", "pripais" : "", "prifecha" : null, "prinumero" : "" }
{ "_id" : { "$oid" : "5c053e4a598f069cad2fbb13" }, "user" : { "$oid" : "5bfdd0561754971125d035a0" }, "fechavenc" : { "$date" : "2023-08-07T00:00:00.000-0500" }, "derecho" : { "$oid" : "56a2cd7ba88a7ed63fda93f1" }, "tramite" : { "$oid" : "56a2eda1a88a7ed63fda94a7" }, "codigo" : 12, "archivo" : "563613-2014.jpg", "fechavencDescarte" : false, "created" : { "$date" : "2018-12-03T09:31:38.513-0500" }, "finalizado" : true, "fechas" : { "fecvigenteDescarte" : false, "fecvencDescarte" : false, "obs" : "", "fecpubDescarte" : false, "noti" : "" }, "subclases" : [ { "clase" : "33", "codigo" : "03", "_id" : { "$oid" : "5c053e4a598f069cad2fbb15" } }, { "clase" : "33", "codigo" : "05", "_id" : { "$oid" : "5c053e4a598f069cad2fbb14" } } ], "clases" : [ "33" ], "numcertificado" : "90834", "numexpediente" : "563613-2014", "nomsigno" : "SANTIAGO QUEIROLO DESDE 1880 PRIMADO", "nomtit" : "SANTIAGO QUEIROLO S.A.C.", "codtit" : "SANTIAGO", "nomcli" : "SANTIAGO QUEIROLO S.A.C.", "codcli" : "QUEIROLO", "__v" : 0 }
{ "_id" : { "$oid" : "5c054229598f069cad2fbb16" }, "user" : { "$oid" : "5bfdd0561754971125d035a0" }, "deslogo" : "", "fechavenc" : { "$date" : "2024-07-09T00:00:00.000-0500" }, "derecho" : { "$oid" : "56a2cd7ba88a7ed63fda93f1" }, "tramite" : { "$oid" : "56a2eda1a88a7ed63fda94a7" }, "codigo" : 13, "archivo" : "581223-2014.png", "fechavencDescarte" : false, "created" : { "$date" : "2018-12-03T09:48:09.015-0500" }, "finalizado" : true, "fechas" : { "fecvigenteDescarte" : false, "fecvencDescarte" : false, "obs" : "", "fecpubDescarte" : false, "noti" : "" }, "subclases" : [ { "clase" : "33", "codigo" : "03", "_id" : { "$oid" : "5c054229598f069cad2fbb19" } }, { "clase" : "33", "codigo" : "04", "_id" : { "$oid" : "5c054229598f069cad2fbb18" } }, { "clase" : "33", "codigo" : "05", "_id" : { "$oid" : "5c054229598f069cad2fbb17" } } ], "clases" : [ "33" ], "numcertificado" : "98416", "numexpediente" : "581223-2014", "nomsigno" : "SANTIAGO QUEIROLO SANGRIA QUEIROLO", "nomtit" : "SANTIAGO QUEIROLO S.A.C.", "codtit" : "SANTIAGO", "nomcli" : "SANTIAGO QUEIROLO S.A.C.", "codcli" : "QUEIROLO", "__v" : 0, "estado" : "", "interes" : "", "pripais" : "", "prifecha" : null, "prinumero" : "" }
{ "_id" : { "$oid" : "5c058fbf598f069cad2fbb1a" }, "user" : { "$oid" : "5bfdd0561754971125d035a0" }, "fechavenc" : { "$date" : "2024-09-01T00:00:00.000-0500" }, "derecho" : { "$oid" : "56a2cd7ba88a7ed63fda93ef" }, "tramite" : { "$oid" : "56a2eda1a88a7ed63fda94a7" }, "codigo" : 14, "fechavencDescarte" : false, "created" : { "$date" : "2018-12-03T15:19:11.060-0500" }, "finalizado" : true, "fechas" : { "fecvigenteDescarte" : false, "fecvencDescarte" : false, "obs" : "", "fecpubDescarte" : false, "noti" : "" }, "subclases" : [ { "clase" : "33", "codigo" : "01", "_id" : { "$oid" : "5c058fbf598f069cad2fbb1d" } }, { "clase" : "33", "codigo" : "03", "_id" : { "$oid" : "5c058fbf598f069cad2fbb1c" } }, { "clase" : "33", "codigo" : "05", "_id" : { "$oid" : "5c058fbf598f069cad2fbb1b" } } ], "clases" : [ "33" ], "numcertificado" : "99652", "numexpediente" : "581222-2014", "nomsigno" : "VIÑAS QUEIROLO", "nomtit" : "SANTIAGO QUEIROLO S.A.C.", "codtit" : "SANTIAGO", "nomcli" : "SANTIAGO QUEIROLO S.A.C.", "codcli" : "QUEIROLO", "__v" : 0 }
{ "_id" : { "$oid" : "5c05917e598f069cad2fbb1e" }, "user" : { "$oid" : "5bfdd0561754971125d035a0" }, "deslogo" : "SANTIAGO QUEIROLO SQ", "fechavenc" : { "$date" : "2027-02-27T00:00:00.000-0500" }, "derecho" : { "$oid" : "56a2cd7ba88a7ed63fda93f1" }, "tramite" : { "$oid" : "56a2eda1a88a7ed63fda94a7" }, "codigo" : 15, "archivo" : "610205-2015.png", "fechavencDescarte" : false, "created" : { "$date" : "2018-12-03T15:26:38.090-0500" }, "finalizado" : true, "fechas" : { "fecvigenteDescarte" : false, "fecvencDescarte" : false, "obs" : "", "fecpubDescarte" : false, "noti" : "" }, "subclases" : [ { "clase" : "33", "codigo" : "01", "_id" : { "$oid" : "5c0591d2598f069cad2fbb23" } }, { "clase" : "33", "codigo" : "02", "_id" : { "$oid" : "5c0591d2598f069cad2fbb22" } }, { "clase" : "33", "codigo" : "03", "_id" : { "$oid" : "5c0591d2598f069cad2fbb21" } }, { "clase" : "33", "codigo" : "04", "_id" : { "$oid" : "5c0591d2598f069cad2fbb20" } }, { "clase" : "33", "codigo" : "05", "_id" : { "$oid" : "5c0591d2598f069cad2fbb1f" } } ], "clases" : [ "33" ], "numcertificado" : "56507", "numexpediente" : "610205-2015", "nomsigno" : "SANTIAGO QUEIROLO SQ", "nomtit" : "SANTIAGO QUEIROLO S.A.C.", "codtit" : "SANTIAGO", "nomcli" : "SANTIAGO QUEIROLO S.A.C.", "codcli" : "QUEIROLO", "__v" : 0, "estado" : "", "interes" : "", "pripais" : "", "prifecha" : null, "prinumero" : "" }
{ "_id" : { "$oid" : "5c059306598f069cad2fbb24" }, "user" : { "$oid" : "5bfdd0561754971125d035a0" }, "deslogo" : "SANTIAGO QUEIROLO Y DISFRUTE DE LA VIDA", "fechavenc" : { "$date" : "2025-03-13T00:00:00.000-0500" }, "obs" : "Perteneciente a la marca \"SANTIAGO QUEIROLO Y DISFRUTE DE LA VIDA\" con Certificado N°13841", "prinumero" : "", "derecho" : { "$oid" : "56a2cd7ba88a7ed63fda93f5" }, "tramite" : { "$oid" : "56a2eda1a88a7ed63fda94a7" }, "codigo" : 16, "fechavencDescarte" : false, "created" : { "$date" : "2018-12-03T15:33:10.700-0500" }, "finalizado" : true, "fechas" : { "fecvigenteDescarte" : false, "fecvencDescarte" : false, "obs" : "", "fecpubDescarte" : false, "noti" : "" }, "subclases" : [ { "clase" : "33", "codigo" : "03", "_id" : { "$oid" : "5c059306598f069cad2fbb26" } }, { "clase" : "33", "codigo" : "05", "_id" : { "$oid" : "5c059306598f069cad2fbb25" } } ], "clases" : [ "33" ], "numcertificado" : "1573", "numexpediente" : "610201-2015", "nomsigno" : "SANTIAGO QUEIROLO Y DISFRUTE DE LA VIDA", "nomtit" : "SANTIAGO QUEIROLO S.A.C.", "codtit" : "SANTIAGO", "nomcli" : "SANTIAGO QUEIROLO S.A.C.", "codcli" : "QUEIROLO", "__v" : 0 }
{ "_id" : { "$oid" : "5c059401598f069cad2fbb27" }, "user" : { "$oid" : "5bfdd0561754971125d035a0" }, "deslogo" : "INCLUYE LA DENOMINACIÓN \"BLANCO EXTRA\"", "fechavenc" : { "$date" : "2025-03-13T00:00:00.000-0500" }, "prinumero" : "", "derecho" : { "$oid" : "56a2cd7ba88a7ed63fda93f1" }, "tramite" : { "$oid" : "56a2eda1a88a7ed63fda94a7" }, "codigo" : 17, "archivo" : "610206-2015.png", "fechavencDescarte" : false, "created" : { "$date" : "2018-12-03T15:37:21.344-0500" }, "finalizado" : true, "fechas" : { "fecvigenteDescarte" : false, "fecvencDescarte" : false, "obs" : "", "fecpubDescarte" : false, "noti" : "" }, "subclases" : [ { "clase" : "33", "codigo" : "03", "_id" : { "$oid" : "5c059401598f069cad2fbb29" } }, { "clase" : "33", "codigo" : "05", "_id" : { "$oid" : "5c059401598f069cad2fbb28" } } ], "clases" : [ "33" ], "numcertificado" : "13841", "numexpediente" : "610206-2015", "nomsigno" : "SANTIAGO QUEIROLO SQ", "nomtit" : "SANTIAGO QUEIROLO S.A.C.", "codtit" : "SANTIAGO", "nomcli" : "SANTIAGO QUEIROLO S.A.C.", "codcli" : "QUEIROLO", "__v" : 0 }
{ "_id" : { "$oid" : "5c0594dc598f069cad2fbb2a" }, "user" : { "$oid" : "5bfdd0561754971125d035a0" }, "fechavenc" : { "$date" : "2026-01-07T00:00:00.000-0500" }, "obs" : "ITINTEC. No distingue productos en específico.", "derecho" : { "$oid" : "56a2cd7ba88a7ed63fda93ef" }, "tramite" : { "$oid" : "56a2eda1a88a7ed63fda94a7" }, "codigo" : 18, "fechavencDescarte" : false, "created" : { "$date" : "2018-12-03T15:41:00.271-0500" }, "finalizado" : true, "fechas" : { "fecvigenteDescarte" : false, "fecvencDescarte" : false, "obs" : "", "fecpubDescarte" : false, "noti" : "" }, "subclases" : [ { "clase" : "30", "codigo" : "02", "_id" : { "$oid" : "5c059551598f069cad2fbb2d" } } ], "clases" : [ "30" ], "numcertificado" : "88942", "numexpediente" : "635880-2015", "nomsigno" : "SANTIAGO QUEIROLO", "nomtit" : "SANTIAGO QUEIROLO S.A.C.", "codtit" : "SANTIAGO", "nomcli" : "SANTIAGO QUEIROLO S.A.C.", "codcli" : "QUEIROLO", "__v" : 0, "archivo" : "", "deslogo" : "", "estado" : "", "interes" : "", "pripais" : "", "prifecha" : null, "prinumero" : "" }
{ "_id" : { "$oid" : "5c05969f598f069cad2fbb2e" }, "user" : { "$oid" : "5bfdd0561754971125d035a0" }, "fechavenc" : { "$date" : "2026-01-07T00:00:00.000-0500" }, "obs" : "INTITEC. No registrado para distinguir productos en específico.", "derecho" : { "$oid" : "56a2cd7ba88a7ed63fda93ef" }, "tramite" : { "$oid" : "56a2eda1a88a7ed63fda94a7" }, "codigo" : 19, "fechavencDescarte" : false, "created" : { "$date" : "2018-12-03T15:48:31.340-0500" }, "finalizado" : true, "fechas" : { "fecvigenteDescarte" : false, "fecvencDescarte" : false, "obs" : "", "fecpubDescarte" : false, "noti" : "" }, "subclases" : [ { "clase" : "33", "codigo" : "01", "_id" : { "$oid" : "5c05969f598f069cad2fbb2f" } } ], "clases" : [ "33" ], "numcertificado" : "88941", "numexpediente" : "635881-2015", "nomsigno" : "VIÑA LA LÁGRIMA", "nomtit" : "SANTIAGO QUEIROLO S.A.C.", "codtit" : "SANTIAGO", "nomcli" : "SANTIAGO QUEIROLO S.A.C.", "codcli" : "QUEIROLO", "__v" : 0 }
{ "_id" : { "$oid" : "5c059796598f069cad2fbb30" }, "user" : { "$oid" : "5bfdd0561754971125d035a0" }, "fechavenc" : { "$date" : "2026-11-14T00:00:00.000-0500" }, "derecho" : { "$oid" : "56a2cd7ba88a7ed63fda93f1" }, "tramite" : { "$oid" : "56a2eda1a88a7ed63fda94a7" }, "codigo" : 20, "archivo" : "694199-2017.png", "fechavencDescarte" : false, "created" : { "$date" : "2018-12-03T15:52:38.925-0500" }, "finalizado" : true, "fechas" : { "fecvigenteDescarte" : false, "fecvencDescarte" : false, "obs" : "", "fecpubDescarte" : false, "noti" : "" }, "subclases" : [ { "clase" : "33", "codigo" : "01", "_id" : { "$oid" : "5c059796598f069cad2fbb33" } }, { "clase" : "33", "codigo" : "03", "_id" : { "$oid" : "5c059796598f069cad2fbb32" } }, { "clase" : "33", "codigo" : "05", "_id" : { "$oid" : "5c059796598f069cad2fbb31" } } ], "clases" : [ "33" ], "numcertificado" : "121366", "numexpediente" : "694199-2017", "nomsigno" : "SANTIAGO QUEIROLO DESDE 1880, EL SABOR DEL BUEN VINO QUEIROLO UVA QUEBRANTA ELABORADO POR SANTIAGO QUEIROLO S.A.C.", "nomtit" : "SANTIAGO QUEIROLO S.A.C.", "codtit" : "SANTIAGO", "nomcli" : "SANTIAGO QUEIROLO S.A.C.", "codcli" : "QUEIROLO", "__v" : 0 }
{ "_id" : { "$oid" : "5c059831598f069cad2fbb34" }, "user" : { "$oid" : "5bfdd0561754971125d035a0" }, "deslogo" : "LA ETIQUETA RECTANGULAR DE COLOR BLANCO CON BORDE DORADO; EN LA PARTE SUPERIOR SE APRECIA LA DENOMINACIÓN SANTIAGO QUEIROLO DESDE 1880, EL SABOR DEL BUEN VINO ESCRITA EN LETRAS CARACTERÍSTICAS DE COLOR NEGRO; EN LA PARTE CENTRAL AL INTERIOR DE UN CUADRADO DE BORDES COLOR DORADO SE APRECIA LA FIGURA DE DOS RACIMOS DE UVAS EN LOS COLORES VERDE, AMARILLO Y MORADO SOBREPUESTOS A UN FONDO DE RAYAS HORIZONTALES COLOR DORADO, DEBAJO DE ÉSTA LA DENOMINACIÓN QUEIROLO EN LETRAS NEGRAS, ASIMISMO SE PUEDE APRECIAR EL TÉRMINO ELABORADO POR SANTIAGO QUEIROLO S.A.C. Y TÉRMINOS ALUSIVOS AL PRODUCTO; CONFORME AL MODELO ADJUNTO", "fechavenc" : { "$date" : "2026-12-12T00:00:00.000-0500" }, "derecho" : { "$oid" : "56a2cd7ba88a7ed63fda93f1" }, "tramite" : { "$oid" : "56a2eda1a88a7ed63fda94a7" }, "codigo" : 21, "archivo" : "694198-2017.GIF", "fechavencDescarte" : false, "created" : { "$date" : "2018-12-03T15:55:13.412-0500" }, "finalizado" : true, "fechas" : { "fecvigenteDescarte" : false, "fecvencDescarte" : false, "obs" : "", "fecpubDescarte" : false, "noti" : "" }, "subclases" : [ { "clase" : "33", "codigo" : "01", "_id" : { "$oid" : "5c059831598f069cad2fbb37" } }, { "clase" : "33", "codigo" : "03", "_id" : { "$oid" : "5c059831598f069cad2fbb36" } }, { "clase" : "33", "codigo" : "05", "_id" : { "$oid" : "5c059831598f069cad2fbb35" } } ], "clases" : [ "33" ], "numcertificado" : "122345", "numexpediente" : "694198-2017", "nomsigno" : "SANTIAGO QUEIROLO DESDE 1880, EL SABOR DEL BUEN VINO QUEIROLO ELABORADO POR SANTIAGO QUEIROLO S.A.C.", "nomtit" : "SANTIAGO QUEIROLO S.A.C.", "codtit" : "SANTIAGO", "nomcli" : "SANTIAGO QUEIROLO S.A.C.", "codcli" : "QUEIROLO", "__v" : 0 }
{ "_id" : { "$oid" : "5c0598c7598f069cad2fbb38" }, "user" : { "$oid" : "5bfdd0561754971125d035a0" }, "deslogo" : "LA ETIQUETA RECTANGULAR CONFORMADA POR LA DENOMINACIÓN SANTIAGO QUEIROLO Y LA FRASE DESDE 1880, EL SABOR DEL BUEN VINO; EN LA PARTE CENTRAL SE APRECIA UNA FIGURA OVAL QUE CONTIENE LA IMAGEN DE UN HOMBRE; EN LA PARTE INFERIOR SE OBSERVA LOS TÉRMINOS MOSCATO DE HAMBURGO, VINO TINTO DULCE Y UN ESCUDO EN CUYO INTERIOR SE APRECIA LAS LETRAS S Y Q ENTRELAZADAS Y RODEÁNDOLO SE OBSERVA VIÑAS QUEIROLO CAÑETE - ICA; TODO EN LOS COLORES DORADO Y NEGRO; CONFORME AL MODELO ADJUNTO", "fechavenc" : { "$date" : "2027-02-07T00:00:00.000-0500" }, "derecho" : { "$oid" : "56a2cd7ba88a7ed63fda93f1" }, "tramite" : { "$oid" : "56a2eda1a88a7ed63fda94a7" }, "codigo" : 22, "archivo" : "694202-2017.GIF", "fechavencDescarte" : false, "created" : { "$date" : "2018-12-03T15:57:43.824-0500" }, "finalizado" : true, "fechas" : { "fecvigenteDescarte" : false, "fecvencDescarte" : false, "obs" : "", "fecpubDescarte" : false, "noti" : "" }, "subclases" : [ { "clase" : "33", "codigo" : "01", "_id" : { "$oid" : "5c0598c7598f069cad2fbb3b" } }, { "clase" : "33", "codigo" : "03", "_id" : { "$oid" : "5c0598c7598f069cad2fbb3a" } }, { "clase" : "33", "codigo" : "05", "_id" : { "$oid" : "5c0598c7598f069cad2fbb39" } } ], "clases" : [ "33" ], "numcertificado" : "124379", "numexpediente" : "694202-2017", "nomsigno" : "SANTIAGO QUEIROLO DESDE 1880, EL SABOR DEL BUEN VINO MOSCATO DE HAMBURGO VINO TINTO DULCE VIÑAS QUEIROLO SQ CAÑETE - ICA", "nomtit" : "SANTIAGO QUEIROLO S.A.C.", "codtit" : "SANTIAGO", "nomcli" : "SANTIAGO QUEIROLO S.A.C.", "codcli" : "QUEIROLO", "__v" : 0 }
{ "_id" : { "$oid" : "5c05a7ff598f069cad2fbb3c" }, "user" : { "$oid" : "5bfdd0561754971125d035a0" }, "deslogo" : "MARCA DE ALEMANIA", "derecho" : { "$oid" : "56a2cd7ba88a7ed63fda93ef" }, "tramite" : { "$oid" : "56a2eda1a88a7ed63fda94a6" }, "codigo" : 23, "fechavencDescarte" : false, "created" : { "$date" : "2018-12-03T17:02:39.802-0500" }, "finalizado" : false, "fechas" : { "fecpre" : { "$date" : "2018-12-03T00:00:00.000-0500" }, "fecnoti" : { "$date" : "2018-12-24T00:00:00.000-0500" }, "fecvigenteDescarte" : false, "fecvencDescarte" : false, "obs" : "", "fecpubDescarte" : false, "noti" : "", "fecordpub" : { "$date" : "2018-12-10T00:00:00.000-0500" }, "fecvencplapub" : { "$date" : "2019-01-23T00:00:00.000-0500" } }, "subclases" : [ { "clase" : "03", "codigo" : "07", "_id" : { "$oid" : "5c05a920598f069cad2fbb4e" } }, { "clase" : "03", "codigo" : "08", "_id" : { "$oid" : "5c05a920598f069cad2fbb4d" } }, { "clase" : "03", "codigo" : "09", "_id" : { "$oid" : "5c05a920598f069cad2fbb4c" } }, { "clase" : "03", "codigo" : "10", "_id" : { "$oid" : "5c05a920598f069cad2fbb4b" } }, { "clase" : "04", "codigo" : "06", "_id" : { "$oid" : "5c05a920598f069cad2fbb4a" } }, { "clase" : "25", "codigo" : "06", "_id" : { "$oid" : "5c05a920598f069cad2fbb49" } } ], "clases" : [ "03", "04", "25" ], "numcertificado" : "", "numexpediente" : "776341-2018", "nomsigno" : "CASA DE COCA", "nomtit" : "CDC TRADING COMPANY GMBH", "codtit" : "CDC TRADING C", "nomcli" : "CMS HASCHE SIGLE PARTNERSCHAFT VON RECHTSANWÄLTEN UND STEUERBERATERN MBB", "codcli" : "CMSHASCHE", "__v" : 0, "fechavenc" : null, "archivo" : "", "estado" : "", "interes" : "", "pripais" : "", "prifecha" : null, "prinumero" : "" }
{ "_id" : { "$oid" : "5c0ac35b598f069cad2fbb50" }, "user" : { "$oid" : "5bfdd0561754971125d035a0" }, "derecho" : { "$oid" : "56a2cd7ba88a7ed63fda93f1" }, "tramite" : { "$oid" : "56a2eda1a88a7ed63fda94a6" }, "codigo" : 24, "archivo" : "762374-2018.png", "fechavencDescarte" : false, "created" : { "$date" : "2018-12-07T14:00:43.437-0500" }, "finalizado" : false, "fechas" : { "fecvigenteDescarte" : false, "fecvencDescarte" : false, "obs" : "", "fecpubDescarte" : false, "noti" : "", "fecpre" : { "$date" : "2018-08-16T00:00:00.000-0500" }, "fecnoti" : { "$date" : "2018-09-07T00:00:00.000-0500" }, "fecordpub" : { "$date" : "2018-12-06T00:00:00.000-0500" }, "fecvencplapub" : { "$date" : "2019-01-21T00:00:00.000-0500" } }, "subclases" : [ { "clase" : "03", "codigo" : "01", "_id" : { "$oid" : "5c0ac35b598f069cad2fbb5c" } }, { "clase" : "03", "codigo" : "03", "_id" : { "$oid" : "5c0ac35b598f069cad2fbb5b" } }, { "clase" : "03", "codigo" : "04", "_id" : { "$oid" : "5c0ac35b598f069cad2fbb5a" } }, { "clase" : "03", "codigo" : "05", "_id" : { "$oid" : "5c0ac35b598f069cad2fbb59" } }, { "clase" : "03", "codigo" : "06", "_id" : { "$oid" : "5c0ac35b598f069cad2fbb58" } }, { "clase" : "14", "codigo" : "01", "_id" : { "$oid" : "5c0ac35b598f069cad2fbb57" } }, { "clase" : "14", "codigo" : "02", "_id" : { "$oid" : "5c0ac35b598f069cad2fbb56" } }, { "clase" : "14", "codigo" : "04", "_id" : { "$oid" : "5c0acfc4598f069cad2fbb5e" } }, { "clase" : "14", "codigo" : "05", "_id" : { "$oid" : "5c0ad025598f069cad2fbb60" } }, { "clase" : "14", "codigo" : "06", "_id" : { "$oid" : "5c0ad0b1598f069cad2fbb66" } }, { "clase" : "14", "codigo" : "07", "_id" : { "$oid" : "5c0ad0b1598f069cad2fbb65" } }, { "clase" : "14", "codigo" : "08", "_id" : { "$oid" : "5c0ad0b1598f069cad2fbb64" } }, { "clase" : "18", "codigo" : "01", "_id" : { "$oid" : "5c0ac35b598f069cad2fbb55" } }, { "clase" : "18", "codigo" : "04", "_id" : { "$oid" : "5c0ac35b598f069cad2fbb54" } }, { "clase" : "18", "codigo" : "07", "_id" : { "$oid" : "5c0ad123598f069cad2fbb69" } }, { "clase" : "25", "codigo" : "01", "_id" : { "$oid" : "5c0ac35b598f069cad2fbb53" } }, { "clase" : "25", "codigo" : "02", "_id" : { "$oid" : "5c0ac35b598f069cad2fbb52" } }, { "clase" : "25", "codigo" : "03", "_id" : { "$oid" : "5c0ac35b598f069cad2fbb51" } } ], "clases" : [ "03", "14", "18", "25" ], "numcertificado" : "", "numexpediente" : "762374-2018", "nomsigno" : "UNIVERSITY CLUB", "nomtit" : "SAGA FALABELLA S.A.", "codtit" : "SAGA", "nomcli" : "SAGA FALABELLA S.A.", "codcli" : "SAGA", "__v" : 0, "fechavenc" : null, "deslogo" : "", "estado" : "", "interes" : "", "pripais" : "", "prifecha" : null, "prinumero" : "" }
{ "_id" : { "$oid" : "5c0e88a9598f069cad2fbb6a" }, "user" : { "$oid" : "5bfdd0561754971125d035a0" }, "deslogo" : "VIÑA SAN GERÓNIMO", "fechavenc" : { "$date" : "2028-03-06T00:00:00.000-0500" }, "derecho" : { "$oid" : "56a2cd7ba88a7ed63fda93ef" }, "tramite" : { "$oid" : "56a2eda1a88a7ed63fda94a7" }, "codigo" : 25, "fechavencDescarte" : false, "created" : { "$date" : "2018-12-10T10:39:21.169-0500" }, "finalizado" : true, "fechas" : { "fecvigenteDescarte" : false, "fecvencDescarte" : false, "obs" : "", "fecpubDescarte" : false, "noti" : "" }, "subclases" : [ { "clase" : "33", "codigo" : "03", "_id" : { "$oid" : "5c0e88a9598f069cad2fbb6d" } }, { "clase" : "33", "codigo" : "04", "_id" : { "$oid" : "5c0e88a9598f069cad2fbb6c" } }, { "clase" : "33", "codigo" : "05", "_id" : { "$oid" : "5c0e88a9598f069cad2fbb6b" } } ], "clases" : [ "33" ], "numcertificado" : "136076", "numexpediente" : "749712-2018", "nomsigno" : "VIÑA SAN GERÓNIMO", "nomtit" : "SANTIAGO QUEIROLO S.A.C.", "codtit" : "SANTIAGO", "nomcli" : "SANTIAGO QUEIROLO S.A.C.", "codcli" : "QUEIROLO", "__v" : 0 }
{ "_id" : { "$oid" : "5c0e89a9598f069cad2fbb6e" }, "user" : { "$oid" : "5bfdd0561754971125d035a0" }, "deslogo" : "INTIPALKA", "fechavenc" : { "$date" : "2019-01-28T00:00:00.000-0500" }, "derecho" : { "$oid" : "56a2cd7ba88a7ed63fda93ef" }, "tramite" : { "$oid" : "56a2eda1a88a7ed63fda94a6" }, "codigo" : 26, "fechavencDescarte" : false, "created" : { "$date" : "2018-12-10T10:43:37.756-0500" }, "finalizado" : true, "fechas" : { "fecvigenteDescarte" : false, "fecvencDescarte" : false, "obs" : "", "fecpubDescarte" : false, "noti" : "" }, "subclases" : [ { "clase" : "33", "codigo" : "01", "_id" : { "$oid" : "5c0e89a9598f069cad2fbb72" } }, { "clase" : "33", "codigo" : "02", "_id" : { "$oid" : "5c0e89a9598f069cad2fbb71" } }, { "clase" : "33", "codigo" : "03", "_id" : { "$oid" : "5c0e89a9598f069cad2fbb70" } }, { "clase" : "33", "codigo" : "04", "_id" : { "$oid" : "5c0e89a9598f069cad2fbb6f" } } ], "clases" : [ "33" ], "numcertificado" : "147981", "numexpediente" : "365052-2008", "nomsigno" : "INTIPALKA", "nomtit" : "SANTIAGO QUEIROLO S.A.C.", "codtit" : "SANTIAGO", "nomcli" : "SANTIAGO QUEIROLO S.A.C.", "codcli" : "QUEIROLO", "__v" : 0 }
{ "_id" : { "$oid" : "5c0e8af7598f069cad2fbb73" }, "user" : { "$oid" : "5bfdd0561754971125d035a0" }, "deslogo" : "INTIWASI", "fechavenc" : { "$date" : "2019-01-28T00:00:00.000-0500" }, "derecho" : { "$oid" : "56a2cd7ba88a7ed63fda93ef" }, "tramite" : { "$oid" : "56a2eda1a88a7ed63fda94a6" }, "codigo" : 27, "fechavencDescarte" : false, "created" : { "$date" : "2018-12-10T10:49:11.521-0500" }, "finalizado" : true, "fechas" : { "fecvigenteDescarte" : false, "fecvencDescarte" : false, "obs" : "", "fecpubDescarte" : false, "noti" : "" }, "subclases" : [ { "clase" : "33", "codigo" : "01", "_id" : { "$oid" : "5c0e8af7598f069cad2fbb77" } }, { "clase" : "33", "codigo" : "02", "_id" : { "$oid" : "5c0e8af7598f069cad2fbb76" } }, { "clase" : "33", "codigo" : "03", "_id" : { "$oid" : "5c0e8af7598f069cad2fbb75" } }, { "clase" : "33", "codigo" : "04", "_id" : { "$oid" : "5c0e8af7598f069cad2fbb74" } } ], "clases" : [ "33" ], "numcertificado" : "147982", "numexpediente" : "365053-2008", "nomsigno" : "INTIWASI", "nomtit" : "SANTIAGO QUEIROLO S.A.C.", "codtit" : "SANTIAGO", "nomcli" : "SANTIAGO QUEIROLO S.A.C.", "codcli" : "QUEIROLO", "__v" : 0 }
{ "_id" : { "$oid" : "5c0e8b56598f069cad2fbb78" }, "user" : { "$oid" : "5bfdd0561754971125d035a0" }, "deslogo" : "LEYENDAS", "fechavenc" : { "$date" : "2019-01-28T00:00:00.000-0500" }, "derecho" : { "$oid" : "56a2cd7ba88a7ed63fda93ef" }, "tramite" : { "$oid" : "56a2eda1a88a7ed63fda94a6" }, "codigo" : 28, "fechavencDescarte" : false, "created" : { "$date" : "2018-12-10T10:50:46.637-0500" }, "finalizado" : true, "fechas" : { "fecvigenteDescarte" : false, "fecvencDescarte" : false, "obs" : "", "fecpubDescarte" : false, "noti" : "" }, "subclases" : [ { "clase" : "33", "codigo" : "01", "_id" : { "$oid" : "5c0e8b56598f069cad2fbb7c" } }, { "clase" : "33", "codigo" : "02", "_id" : { "$oid" : "5c0e8b56598f069cad2fbb7b" } }, { "clase" : "33", "codigo" : "03", "_id" : { "$oid" : "5c0e8b56598f069cad2fbb7a" } }, { "clase" : "33", "codigo" : "04", "_id" : { "$oid" : "5c0e8b56598f069cad2fbb79" } } ], "clases" : [ "33" ], "numcertificado" : "147984", "numexpediente" : "365055-2008", "nomsigno" : "LEYENDAS", "nomtit" : "SANTIAGO QUEIROLO S.A.C.", "codtit" : "SANTIAGO", "nomcli" : "SANTIAGO QUEIROLO S.A.C.", "codcli" : "QUEIROLO", "__v" : 0 }
{ "_id" : { "$oid" : "5c0e8be0598f069cad2fbb7d" }, "user" : { "$oid" : "5bfdd0561754971125d035a0" }, "deslogo" : "LA RES", "fechavenc" : { "$date" : "2019-09-10T00:00:00.000-0500" }, "derecho" : { "$oid" : "56a2cd7ba88a7ed63fda93ef" }, "tramite" : { "$oid" : "56a2eda1a88a7ed63fda94a6" }, "codigo" : 29, "fechavencDescarte" : false, "created" : { "$date" : "2018-12-10T10:53:04.577-0500" }, "finalizado" : true, "fechas" : { "fecvigenteDescarte" : false, "fecvencDescarte" : false, "obs" : "", "fecpubDescarte" : false, "noti" : "" }, "subclases" : [ { "clase" : "33", "codigo" : "01", "_id" : { "$oid" : "5c0e8be0598f069cad2fbb81" } }, { "clase" : "33", "codigo" : "02", "_id" : { "$oid" : "5c0e8be0598f069cad2fbb80" } }, { "clase" : "33", "codigo" : "03", "_id" : { "$oid" : "5c0e8be0598f069cad2fbb7f" } }, { "clase" : "33", "codigo" : "04", "_id" : { "$oid" : "5c0e8be0598f069cad2fbb7e" } } ], "clases" : [ "33" ], "numcertificado" : "156716", "numexpediente" : "375783-2008", "nomsigno" : "LA RES", "nomtit" : "SANTIAGO QUEIROLO S.A.C.", "codtit" : "SANTIAGO", "nomcli" : "SANTIAGO QUEIROLO S.A.C.", "codcli" : "QUEIROLO", "__v" : 0 }
{ "_id" : { "$oid" : "5c0e8c55598f069cad2fbb82" }, "user" : { "$oid" : "5bfdd0561754971125d035a0" }, "deslogo" : "PORTUS", "fechavenc" : { "$date" : "2020-01-27T00:00:00.000-0500" }, "derecho" : { "$oid" : "56a2cd7ba88a7ed63fda93ef" }, "tramite" : { "$oid" : "56a2eda1a88a7ed63fda94a6" }, "codigo" : 30, "fechavencDescarte" : false, "created" : { "$date" : "2018-12-10T10:55:01.190-0500" }, "finalizado" : true, "fechas" : { "fecvigenteDescarte" : false, "fecvencDescarte" : false, "obs" : "", "fecpubDescarte" : false, "noti" : "" }, "subclases" : [ { "clase" : "33", "codigo" : "01", "_id" : { "$oid" : "5c0e8c55598f069cad2fbb85" } }, { "clase" : "33", "codigo" : "03", "_id" : { "$oid" : "5c0e8c55598f069cad2fbb84" } }, { "clase" : "33", "codigo" : "05", "_id" : { "$oid" : "5c0e8c55598f069cad2fbb83" } } ], "clases" : [ "33" ], "numcertificado" : "160686", "numexpediente" : "401594-2009", "nomsigno" : "PORTUS", "nomtit" : "SANTIAGO QUEIROLO S.A.C.", "codtit" : "SANTIAGO", "nomcli" : "SANTIAGO QUEIROLO S.A.C.", "codcli" : "QUEIROLO", "__v" : 0 }
{ "_id" : { "$oid" : "5c0e8cd0598f069cad2fbb86" }, "user" : { "$oid" : "5bfdd0561754971125d035a0" }, "deslogo" : "PRIMA DONNA", "fechavenc" : { "$date" : "2020-02-29T00:00:00.000-0500" }, "derecho" : { "$oid" : "56a2cd7ba88a7ed63fda93ef" }, "tramite" : { "$oid" : "56a2eda1a88a7ed63fda94a7" }, "codigo" : 31, "fechavencDescarte" : false, "created" : { "$date" : "2018-12-10T10:57:04.003-0500" }, "finalizado" : true, "fechas" : { "fecvigenteDescarte" : false, "fecvencDescarte" : false, "obs" : "", "fecpubDescarte" : false, "noti" : "" }, "subclases" : [ { "clase" : "33", "codigo" : "01", "_id" : { "$oid" : "5c0e8cd0598f069cad2fbb87" } } ], "clases" : [ "33" ], "numcertificado" : "61568", "numexpediente" : "414999-2010", "nomsigno" : "PRIMA DONNA", "nomtit" : "SANTIAGO QUEIROLO S.A.C.", "codtit" : "SANTIAGO", "nomcli" : "SANTIAGO QUEIROLO S.A.C.", "codcli" : "QUEIROLO", "__v" : 0 }
{ "_id" : { "$oid" : "5c0e8ddd598f069cad2fbb88" }, "user" : { "$oid" : "5bfdd0561754971125d035a0" }, "deslogo" : "SANTIAGO QUEIROLO ROSÉ", "fechavenc" : { "$date" : "2020-07-09T00:00:00.000-0500" }, "derecho" : { "$oid" : "56a2cd7ba88a7ed63fda93f1" }, "tramite" : { "$oid" : "56a2eda1a88a7ed63fda94a6" }, "codigo" : 32, "archivo" : "415001-2010.GIF", "fechavencDescarte" : false, "created" : { "$date" : "2018-12-10T11:01:33.908-0500" }, "finalizado" : true, "fechas" : { "fecvigenteDescarte" : false, "fecvencDescarte" : false, "obs" : "", "fecpubDescarte" : false, "noti" : "" }, "subclases" : [ { "clase" : "33", "codigo" : "01", "_id" : { "$oid" : "5c0e8ddd598f069cad2fbb8c" } }, { "clase" : "33", "codigo" : "02", "_id" : { "$oid" : "5c0e8ddd598f069cad2fbb8b" } }, { "clase" : "33", "codigo" : "03", "_id" : { "$oid" : "5c0e8ddd598f069cad2fbb8a" } }, { "clase" : "33", "codigo" : "04", "_id" : { "$oid" : "5c0e8ddd598f069cad2fbb89" } } ], "clases" : [ "33" ], "numcertificado" : "165790", "numexpediente" : "415001-2010", "nomsigno" : "SANTIAGO QUEIROLO ROSÉ", "nomtit" : "SANTIAGO QUEIROLO S.A.C.", "codtit" : "SANTIAGO", "nomcli" : "SANTIAGO QUEIROLO S.A.C.", "codcli" : "QUEIROLO", "__v" : 0 }
{ "_id" : { "$oid" : "5c0e8e60598f069cad2fbb8d" }, "user" : { "$oid" : "5bfdd0561754971125d035a0" }, "deslogo" : "VINO COSECHA 130", "fechavenc" : { "$date" : "2020-07-27T00:00:00.000-0500" }, "derecho" : { "$oid" : "56a2cd7ba88a7ed63fda93ef" }, "tramite" : { "$oid" : "56a2eda1a88a7ed63fda94a6" }, "codigo" : 33, "fechavencDescarte" : false, "created" : { "$date" : "2018-12-10T11:03:44.992-0500" }, "finalizado" : true, "fechas" : { "fecvigenteDescarte" : false, "fecvencDescarte" : false, "obs" : "", "fecpubDescarte" : false, "noti" : "" }, "subclases" : [ { "clase" : "33", "codigo" : "01", "_id" : { "$oid" : "5c0e8e60598f069cad2fbb91" } }, { "clase" : "33", "codigo" : "02", "_id" : { "$oid" : "5c0e8e60598f069cad2fbb90" } }, { "clase" : "33", "codigo" : "03", "_id" : { "$oid" : "5c0e8e60598f069cad2fbb8f" } }, { "clase" : "33", "codigo" : "04", "_id" : { "$oid" : "5c0e8e60598f069cad2fbb8e" } } ], "clases" : [ "33" ], "numcertificado" : "166378", "numexpediente" : "419036-2010", "nomsigno" : "VINO COSECHA 130", "nomtit" : "SANTIAGO QUEIROLO S.A.C.", "codtit" : "SANTIAGO", "nomcli" : "SANTIAGO QUEIROLO S.A.C.", "codcli" : "QUEIROLO", "__v" : 0 }
{ "_id" : { "$oid" : "5c0e8f3c598f069cad2fbb92" }, "user" : { "$oid" : "5bfdd0561754971125d035a0" }, "deslogo" : "LA ETIQUETA RECTANGULAR EN DONDE APARECE EN LA PARTE SUPERIOR DENTRO DE UN OVALO LA FIGURA Y NOMBRE DEL FUNDADOR SR. SANTIAGO QUEIROLO, DEBAJO ENCONTRAMOS UNA FRANJA DE COLOR ARENA Y LA DENOMINACION PRIMADONNA Y RASGOS DE LETRAS ILEGIBLES, EN LOS COLORES MARRON Y NEGRO, CONFORME AL MODELO ADJUNTO,", "fechavenc" : { "$date" : "2020-11-09T00:00:00.000-0500" }, "derecho" : { "$oid" : "56a2cd7ba88a7ed63fda93f1" }, "tramite" : { "$oid" : "56a2eda1a88a7ed63fda94a7" }, "codigo" : 34, "archivo" : "447770-2011.png", "fechavencDescarte" : false, "created" : { "$date" : "2018-12-10T11:07:24.119-0500" }, "finalizado" : true, "fechas" : { "fecvigenteDescarte" : false, "fecvencDescarte" : false, "obs" : "", "fecpubDescarte" : false, "noti" : "" }, "subclases" : [ { "clase" : "33", "codigo" : "01", "_id" : { "$oid" : "5c0e8f3c598f069cad2fbb93" } } ], "clases" : [ "33" ], "numcertificado" : "67470", "numexpediente" : "447770-2011", "nomsigno" : "PRIMADONNA", "nomtit" : "SANTIAGO QUEIROLO S.A.C.", "codtit" : "SANTIAGO", "nomcli" : "SANTIAGO QUEIROLO S.A.C.", "codcli" : "QUEIROLO", "__v" : 0 }
{ "_id" : { "$oid" : "5c0e8fe1598f069cad2fbb94" }, "user" : { "$oid" : "5bfdd0561754971125d035a0" }, "deslogo" : "LA DENOMINACION PRIMADO Y EL ASPECTO GENERAL DE LA ETIQUETA (SIN REIVINDICAR LA DENOMINACION CHAMPAGNE) CONFORME AL MODELO", "fechavenc" : { "$date" : "2020-11-10T00:00:00.000-0500" }, "derecho" : { "$oid" : "56a2cd7ba88a7ed63fda93f1" }, "tramite" : { "$oid" : "56a2eda1a88a7ed63fda94a7" }, "codigo" : 35, "archivo" : "447769-2011.png", "fechavencDescarte" : false, "created" : { "$date" : "2018-12-10T11:10:09.854-0500" }, "finalizado" : true, "fechas" : { "fecvigenteDescarte" : false, "fecvencDescarte" : false, "obs" : "", "fecpubDescarte" : false, "noti" : "" }, "subclases" : [ { "clase" : "33", "codigo" : "03", "_id" : { "$oid" : "5c0e8fe1598f069cad2fbb96" } }, { "clase" : "33", "codigo" : "05", "_id" : { "$oid" : "5c0e8fe1598f069cad2fbb95" } } ], "clases" : [ "33" ], "numcertificado" : "74741", "numexpediente" : "447769-2011", "nomsigno" : "PRIMADO", "nomtit" : "SANTIAGO QUEIROLO S.A.C.", "codtit" : "SANTIAGO", "nomcli" : "SANTIAGO QUEIROLO S.A.C.", "codcli" : "QUEIROLO", "__v" : 0 }
{ "_id" : { "$oid" : "5c0e90bf598f069cad2fbb97" }, "user" : { "$oid" : "5bfdd0561754971125d035a0" }, "deslogo" : "EISHA", "fechavenc" : { "$date" : "2021-04-08T00:00:00.000-0500" }, "derecho" : { "$oid" : "56a2cd7ba88a7ed63fda93ef" }, "tramite" : { "$oid" : "56a2eda1a88a7ed63fda94a6" }, "codigo" : 36, "fechavencDescarte" : false, "created" : { "$date" : "2018-12-10T11:13:51.686-0500" }, "finalizado" : true, "fechas" : { "fecvigenteDescarte" : false, "fecvencDescarte" : false, "obs" : "", "fecpubDescarte" : false, "noti" : "" }, "subclases" : [ { "clase" : "33", "codigo" : "01", "_id" : { "$oid" : "5c0e90bf598f069cad2fbb9c" } }, { "clase" : "33", "codigo" : "02", "_id" : { "$oid" : "5c0e90bf598f069cad2fbb9b" } }, { "clase" : "33", "codigo" : "03", "_id" : { "$oid" : "5c0e90bf598f069cad2fbb9a" } }, { "clase" : "33", "codigo" : "04", "_id" : { "$oid" : "5c0e90bf598f069cad2fbb99" } }, { "clase" : "33", "codigo" : "05", "_id" : { "$oid" : "5c0e90bf598f069cad2fbb98" } } ], "clases" : [ "33" ], "numcertificado" : "174894", "numexpediente" : "443308-2011", "nomsigno" : "EISHA", "nomtit" : "SANTIAGO QUEIROLO S.A.C.", "codtit" : "SANTIAGO", "nomcli" : "SANTIAGO QUEIROLO S.A.C.", "codcli" : "QUEIROLO", "__v" : 0 }
{ "_id" : { "$oid" : "5c0e912a598f069cad2fbb9d" }, "user" : { "$oid" : "5bfdd0561754971125d035a0" }, "deslogo" : "VALS", "fechavenc" : { "$date" : "2021-04-11T00:00:00.000-0500" }, "derecho" : { "$oid" : "56a2cd7ba88a7ed63fda93ef" }, "tramite" : { "$oid" : "56a2eda1a88a7ed63fda94a6" }, "codigo" : 37, "fechavencDescarte" : false, "created" : { "$date" : "2018-12-10T11:15:38.912-0500" }, "finalizado" : true, "fechas" : { "fecvigenteDescarte" : false, "fecvencDescarte" : false, "obs" : "", "fecpubDescarte" : false, "noti" : "" }, "subclases" : [ { "clase" : "33", "codigo" : "01", "_id" : { "$oid" : "5c0e912a598f069cad2fbba2" } }, { "clase" : "33", "codigo" : "02", "_id" : { "$oid" : "5c0e912a598f069cad2fbba1" } }, { "clase" : "33", "codigo" : "03", "_id" : { "$oid" : "5c0e912a598f069cad2fbba0" } }, { "clase" : "33", "codigo" : "04", "_id" : { "$oid" : "5c0e912a598f069cad2fbb9f" } }, { "clase" : "33", "codigo" : "05", "_id" : { "$oid" : "5c0e912a598f069cad2fbb9e" } } ], "clases" : [ "33" ], "numcertificado" : "175042", "numexpediente" : "443255-2011", "nomsigno" : "VALS", "nomtit" : "SANTIAGO QUEIROLO S.A.C.", "codtit" : "SANTIAGO", "nomcli" : "SANTIAGO QUEIROLO S.A.C.", "codcli" : "QUEIROLO", "__v" : 0 }
{ "_id" : { "$oid" : "5c0e921c598f069cad2fbba4" }, "user" : { "$oid" : "5bfdd0561754971125d035a0" }, "deslogo" : "LA DENOMINACIÓN DELBAR SANTIAGO QUEIROLO JARABE DE GOMA ESPECIAL PARA COCTELERIA Y LOGOTIPO (SE REIVINDICA COLORES), CONFORME AL MODELO.", "fechavenc" : { "$date" : "2021-09-26T00:00:00.000-0500" }, "derecho" : { "$oid" : "56a2cd7ba88a7ed63fda93f1" }, "tramite" : { "$oid" : "56a2eda1a88a7ed63fda94a6" }, "codigo" : 38, "archivo" : "456694-2011.png", "fechavencDescarte" : false, "created" : { "$date" : "2018-12-10T11:19:40.503-0500" }, "finalizado" : true, "fechas" : { "fecvigenteDescarte" : false, "fecvencDescarte" : false, "obs" : "", "fecpubDescarte" : false, "noti" : "" }, "subclases" : [ { "clase" : "32", "codigo" : "01", "_id" : { "$oid" : "5c0e921c598f069cad2fbba9" } }, { "clase" : "32", "codigo" : "02", "_id" : { "$oid" : "5c0e921c598f069cad2fbba8" } }, { "clase" : "32", "codigo" : "03", "_id" : { "$oid" : "5c0e921c598f069cad2fbba7" } }, { "clase" : "32", "codigo" : "04", "_id" : { "$oid" : "5c0e921c598f069cad2fbba6" } }, { "clase" : "32", "codigo" : "05", "_id" : { "$oid" : "5c0e921c598f069cad2fbba5" } } ], "clases" : [ "32" ], "numcertificado" : "179985", "numexpediente" : "456694-2011", "nomsigno" : "DELBAR SANTIAGO QUEIROLO JARABE DE GOMA ESPECIAL PARA COCTELERIA", "nomtit" : "SANTIAGO QUEIROLO S.A.C.", "codtit" : "SANTIAGO", "nomcli" : "SANTIAGO QUEIROLO S.A.C.", "codcli" : "QUEIROLO", "__v" : 0 }
{ "_id" : { "$oid" : "5c0e92af598f069cad2fbbaa" }, "user" : { "$oid" : "5bfdd0561754971125d035a0" }, "deslogo" : "LA DENOMINACIÓN SANTIAGO QUEIROLO DESDE 1880 EL SABOR DEL BUEN VINO TABERNA QUEIROLO PUEBLO LIBRE GRAN TINTO SHIRAZ 2009 Y LOGOTIPO (SE REIVINDICA COLORES), CONFORME AL MODELO.", "fechavenc" : { "$date" : "2021-10-11T00:00:00.000-0500" }, "derecho" : { "$oid" : "56a2cd7ba88a7ed63fda93f1" }, "tramite" : { "$oid" : "56a2eda1a88a7ed63fda94a6" }, "codigo" : 39, "archivo" : "450529-2011.png", "fechavencDescarte" : false, "created" : { "$date" : "2018-12-10T11:22:07.224-0500" }, "finalizado" : true, "fechas" : { "fecvigenteDescarte" : false, "fecvencDescarte" : false, "obs" : "", "fecpubDescarte" : false, "noti" : "" }, "subclases" : [ { "clase" : "33", "codigo" : "01", "_id" : { "$oid" : "5c0e92af598f069cad2fbbaf" } }, { "clase" : "33", "codigo" : "02", "_id" : { "$oid" : "5c0e92af598f069cad2fbbae" } }, { "clase" : "33", "codigo" : "03", "_id" : { "$oid" : "5c0e92af598f069cad2fbbad" } }, { "clase" : "33", "codigo" : "04", "_id" : { "$oid" : "5c0e92af598f069cad2fbbac" } }, { "clase" : "33", "codigo" : "05", "_id" : { "$oid" : "5c0e92af598f069cad2fbbab" } } ], "clases" : [ "33" ], "numcertificado" : "180605", "numexpediente" : "450529-2011", "nomsigno" : "SANTIAGO QUEIROLO DESDE 1880 EL SABOR DEL BUEN VINO TABERNA QUEIROLO PUEBLO LIBRE GRAN TINTO SHIRAZ 2009", "nomtit" : "SANTIAGO QUEIROLO S.A.C.", "codtit" : "SANTIAGO", "nomcli" : "SANTIAGO QUEIROLO S.A.C.", "codcli" : "QUEIROLO", "__v" : 0 }
{ "_id" : { "$oid" : "5c0e938b598f069cad2fbbb0" }, "user" : { "$oid" : "5bfdd0561754971125d035a0" }, "deslogo" : "LA DENOMINACIÓN SANTIAGO QUEIROLO DESDE 1880 EL SABOR DEL BUEN VINO TABERNA QUEIROLO PUEBLO LIBRE GRAN BLANCO SAUVIGNON BLANC 2009 Y LOGOTIPO (SE REIVINDICA COLORES), CONFORME AL MODELO.", "fechavenc" : { "$date" : "2021-10-11T00:00:00.000-0500" }, "derecho" : { "$oid" : "56a2cd7ba88a7ed63fda93f1" }, "tramite" : { "$oid" : "56a2eda1a88a7ed63fda94a6" }, "codigo" : 40, "archivo" : "450530-2011.png", "fechavencDescarte" : false, "created" : { "$date" : "2018-12-10T11:25:47.972-0500" }, "finalizado" : true, "fechas" : { "fecvigenteDescarte" : false, "fecvencDescarte" : false, "obs" : "", "fecpubDescarte" : false, "noti" : "" }, "subclases" : [ { "clase" : "33", "codigo" : "01", "_id" : { "$oid" : "5c0e938b598f069cad2fbbb5" } }, { "clase" : "33", "codigo" : "02", "_id" : { "$oid" : "5c0e938b598f069cad2fbbb4" } }, { "clase" : "33", "codigo" : "03", "_id" : { "$oid" : "5c0e938b598f069cad2fbbb3" } }, { "clase" : "33", "codigo" : "04", "_id" : { "$oid" : "5c0e938b598f069cad2fbbb2" } }, { "clase" : "33", "codigo" : "05", "_id" : { "$oid" : "5c0e938b598f069cad2fbbb1" } } ], "clases" : [ "33" ], "numcertificado" : "180606", "numexpediente" : "450530-2011", "nomsigno" : "SANTIAGO QUEIROLO DESDE 1880 EL SABOR DEL BUEN VINO TABERNA QUEIROLO PUEBLO LIBRE GRAN BLANCO SAUVIGNON BLANC 2009", "nomtit" : "SANTIAGO QUEIROLO S.A.C.", "codtit" : "SANTIAGO", "nomcli" : "SANTIAGO QUEIROLO S.A.C.", "codcli" : "QUEIROLO", "__v" : 0 }
{ "_id" : { "$oid" : "5c0e944e598f069cad2fbbb6" }, "user" : { "$oid" : "5bfdd0561754971125d035a0" }, "deslogo" : "LA DENOMINACIÓN SANTIAGO QUEIROLO DESDE 1880 EL SABOR DEL BUEN VINO TABERNA QUEIROLO PUEBLO LIBRE GRAN TINTO TANNAT 2008 Y LOGOTIPO (SE REIVINDICA COLORES), CONFORME AL MODELO.", "fechavenc" : { "$date" : "2021-10-11T00:00:00.000-0500" }, "derecho" : { "$oid" : "56a2cd7ba88a7ed63fda93f1" }, "tramite" : { "$oid" : "56a2eda1a88a7ed63fda94a6" }, "codigo" : 41, "archivo" : "450531-2011.png", "fechavencDescarte" : false, "created" : { "$date" : "2018-12-10T11:29:02.238-0500" }, "finalizado" : true, "fechas" : { "fecvigenteDescarte" : false, "fecvencDescarte" : false, "obs" : "", "fecpubDescarte" : false, "noti" : "" }, "subclases" : [ { "clase" : "33", "codigo" : "01", "_id" : { "$oid" : "5c0e944e598f069cad2fbbbb" } }, { "clase" : "33", "codigo" : "02", "_id" : { "$oid" : "5c0e944e598f069cad2fbbba" } }, { "clase" : "33", "codigo" : "03", "_id" : { "$oid" : "5c0e944e598f069cad2fbbb9" } }, { "clase" : "33", "codigo" : "04", "_id" : { "$oid" : "5c0e944e598f069cad2fbbb8" } }, { "clase" : "33", "codigo" : "05", "_id" : { "$oid" : "5c0e944e598f069cad2fbbb7" } } ], "clases" : [ "33" ], "numcertificado" : "180607", "numexpediente" : "450531-2011", "nomsigno" : "SANTIAGO QUEIROLO DESDE 1880 EL SABOR DEL BUEN VINO TABERNA QUEIROLO PUEBLO LIBRE GRAN TINTO TANNAT", "nomtit" : "SANTIAGO QUEIROLO S.A.C.", "codtit" : "SANTIAGO", "nomcli" : "SANTIAGO QUEIROLO S.A.C.", "codcli" : "QUEIROLO", "__v" : 0 }
{ "_id" : { "$oid" : "5c0e94f2598f069cad2fbbbc" }, "user" : { "$oid" : "5bfdd0561754971125d035a0" }, "deslogo" : "LA SUCURSAL", "fechavenc" : { "$date" : "2021-11-30T00:00:00.000-0500" }, "derecho" : { "$oid" : "56a2cd7ba88a7ed63fda93ef" }, "tramite" : { "$oid" : "56a2eda1a88a7ed63fda94a6" }, "codigo" : 42, "fechavencDescarte" : false, "created" : { "$date" : "2018-12-10T11:31:46.933-0500" }, "finalizado" : true, "fechas" : { "fecvigenteDescarte" : false, "fecvencDescarte" : false, "obs" : "", "fecpubDescarte" : false, "noti" : "" }, "subclases" : [ { "clase" : "43", "codigo" : "01", "_id" : { "$oid" : "5c0e94f2598f069cad2fbbbd" } }, { "clase" : "43", "codigo" : "03", "_id" : { "$oid" : "5c0e9574598f069cad2fbbc2" } }, { "clase" : "43", "codigo" : "04", "_id" : { "$oid" : "5c0e9574598f069cad2fbbc1" } } ], "clases" : [ "43" ], "numcertificado" : "69241", "numexpediente" : "465434-2011", "nomsigno" : "LA SUCURSAL", "nomtit" : "SANTIAGO QUEIROLO S.A.C.", "codtit" : "SANTIAGO", "nomcli" : "SANTIAGO QUEIROLO S.A.C.", "codcli" : "QUEIROLO", "__v" : 0, "archivo" : "", "estado" : "", "interes" : "", "pripais" : "", "prifecha" : null, "prinumero" : "" }
{ "_id" : { "$oid" : "5c0e98b6598f069cad2fbbc3" }, "user" : { "$oid" : "5bfdd0561754971125d035a0" }, "deslogo" : "DON SANTIAGO", "fechavenc" : { "$date" : "2022-06-08T00:00:00.000-0500" }, "derecho" : { "$oid" : "56a2cd7ba88a7ed63fda93ef" }, "tramite" : { "$oid" : "56a2eda1a88a7ed63fda94a6" }, "codigo" : 43, "fechavencDescarte" : false, "created" : { "$date" : "2018-12-10T11:47:50.199-0500" }, "finalizado" : true, "fechas" : { "fecvigenteDescarte" : false, "fecvencDescarte" : false, "obs" : "", "fecpubDescarte" : false, "noti" : "" }, "subclases" : [ { "clase" : "30", "codigo" : "02", "_id" : { "$oid" : "5c0e98b6598f069cad2fbbc4" } }, { "clase" : "30", "codigo" : "03", "_id" : { "$oid" : "5c0e998a598f069cad2fbbd4" } }, { "clase" : "30", "codigo" : "04", "_id" : { "$oid" : "5c0e998a598f069cad2fbbd3" } }, { "clase" : "30", "codigo" : "05", "_id" : { "$oid" : "5c0e998a598f069cad2fbbd2" } }, { "clase" : "30", "codigo" : "06", "_id" : { "$oid" : "5c0e998a598f069cad2fbbd1" } }, { "clase" : "30", "codigo" : "07", "_id" : { "$oid" : "5c0e998a598f069cad2fbbd0" } }, { "clase" : "30", "codigo" : "08", "_id" : { "$oid" : "5c0e998a598f069cad2fbbcf" } }, { "clase" : "30", "codigo" : "09", "_id" : { "$oid" : "5c0e998a598f069cad2fbbce" } }, { "clase" : "30", "codigo" : "10", "_id" : { "$oid" : "5c0e998a598f069cad2fbbcd" } } ], "clases" : [ "30" ], "numcertificado" : "188529", "numexpediente" : "657790-2016", "nomsigno" : "DON SANTIAGO", "nomtit" : "SANTIAGO QUEIROLO S.A.C.", "codtit" : "SANTIAGO", "nomcli" : "SANTIAGO QUEIROLO S.A.C.", "codcli" : "QUEIROLO", "__v" : 0, "archivo" : "", "estado" : "", "interes" : "", "pripais" : "", "prifecha" : null, "prinumero" : "" }
{ "_id" : { "$oid" : "5c0e9a47598f069cad2fbbd5" }, "user" : { "$oid" : "5bfdd0561754971125d035a0" }, "deslogo" : "LA DENOMINACIÓN SANTIAGO QUEIROLO DESDE 1880, EL SABOR DEL BUEN VINO SIGLO XVI MALBEC/TANNAT Y LOGOTIPO (SE REIVINDICA COLORES), CONFORME AL MODELO", "fechavenc" : { "$date" : "2022-07-16T00:00:00.000-0500" }, "derecho" : { "$oid" : "56a2cd7ba88a7ed63fda93f1" }, "tramite" : { "$oid" : "56a2eda1a88a7ed63fda94a6" }, "codigo" : 44, "archivo" : "489094-2012.png", "fechavencDescarte" : false, "created" : { "$date" : "2018-12-10T11:54:31.097-0500" }, "finalizado" : true, "fechas" : { "fecvigenteDescarte" : false, "fecvencDescarte" : false, "obs" : "", "fecpubDescarte" : false, "noti" : "" }, "subclases" : [ { "clase" : "33", "codigo" : "01", "_id" : { "$oid" : "5c0e9a47598f069cad2fbbd6" } } ], "clases" : [ "33" ], "numcertificado" : "189699", "numexpediente" : "489094-2012", "nomsigno" : "SANTIAGO QUEIROLO DESDE 1880, EL SABOR DEL BUEN VINO SIGLO XVI MALBEC/TANNAT", "nomtit" : "SANTIAGO QUEIROLO S.A.C.", "codtit" : "SANTIAGO", "nomcli" : "SANTIAGO QUEIROLO S.A.C.", "codcli" : "QUEIROLO", "__v" : 0 }
{ "_id" : { "$oid" : "5c0e9af3598f069cad2fbbd7" }, "user" : { "$oid" : "5bfdd0561754971125d035a0" }, "deslogo" : "INTIPASTA", "fechavenc" : { "$date" : "2022-06-08T00:00:00.000-0500" }, "derecho" : { "$oid" : "56a2cd7ba88a7ed63fda93ef" }, "tramite" : { "$oid" : "56a2eda1a88a7ed63fda94a6" }, "codigo" : 45, "fechavencDescarte" : false, "created" : { "$date" : "2018-12-10T11:57:23.303-0500" }, "finalizado" : true, "fechas" : { "fecvigenteDescarte" : false, "fecvencDescarte" : false, "obs" : "", "fecpubDescarte" : false, "noti" : "" }, "subclases" : [ { "clase" : "30", "codigo" : "03", "_id" : { "$oid" : "5c0e9af3598f069cad2fbbdf" } }, { "clase" : "30", "codigo" : "04", "_id" : { "$oid" : "5c0e9af3598f069cad2fbbde" } }, { "clase" : "30", "codigo" : "05", "_id" : { "$oid" : "5c0e9af3598f069cad2fbbdd" } }, { "clase" : "30", "codigo" : "06", "_id" : { "$oid" : "5c0e9af3598f069cad2fbbdc" } }, { "clase" : "30", "codigo" : "07", "_id" : { "$oid" : "5c0e9af3598f069cad2fbbdb" } }, { "clase" : "30", "codigo" : "08", "_id" : { "$oid" : "5c0e9af3598f069cad2fbbda" } }, { "clase" : "30", "codigo" : "09", "_id" : { "$oid" : "5c0e9af3598f069cad2fbbd9" } }, { "clase" : "30", "codigo" : "10", "_id" : { "$oid" : "5c0e9af3598f069cad2fbbd8" } } ], "clases" : [ "30" ], "numcertificado" : "188528", "numexpediente" : "485102-2012", "nomsigno" : "INTIPASTA", "nomtit" : "SANTIAGO QUEIROLO S.A.C.", "codtit" : "SANTIAGO", "nomcli" : "SANTIAGO QUEIROLO S.A.C.", "codcli" : "QUEIROLO", "__v" : 0 }
{ "_id" : { "$oid" : "5c0e9c13598f069cad2fbbe0" }, "user" : { "$oid" : "5bfdd0561754971125d035a0" }, "fechavenc" : { "$date" : "2022-07-19T00:00:00.000-0500" }, "deslogo" : "DIBUJO DE UN PORTICO FRENTE A TIERRA ARADA.", "derecho" : { "$oid" : "56a2cd7ba88a7ed63fda93f0" }, "tramite" : { "$oid" : "56a2eda1a88a7ed63fda94a6" }, "codigo" : 46, "archivo" : "488318-2012.png", "fechavencDescarte" : false, "created" : { "$date" : "2018-12-10T12:02:11.509-0500" }, "finalizado" : true, "fechas" : { "fecvigenteDescarte" : false, "fecvencDescarte" : false, "obs" : "", "fecpubDescarte" : false, "noti" : "" }, "subclases" : [ { "clase" : "43", "codigo" : "01", "_id" : { "$oid" : "5c0e9c13598f069cad2fbbe2" } }, { "clase" : "43", "codigo" : "04", "_id" : { "$oid" : "5c0e9c13598f069cad2fbbe1" } } ], "clases" : [ "43" ], "numcertificado" : "72520", "numexpediente" : "488318-2012", "nomsigno" : "", "nomtit" : "SANTIAGO QUEIROLO S.A.C.", "codtit" : "SANTIAGO", "nomcli" : "SANTIAGO QUEIROLO S.A.C.", "codcli" : "QUEIROLO", "__v" : 0 }
{ "_id" : { "$oid" : "5c0e9cec598f069cad2fbbe3" }, "user" : { "$oid" : "5bfdd0561754971125d035a0" }, "deslogo" : "LA DENOMINACIÓN DON SANTIAGO SANTIAGO QUEIROLO MOSTO VERDE ITALIA DESTILADO EN FALCA Y LOGOTIPO (SE REIVINDICA COLORES), CONFORME AL MODELO.", "fechavenc" : { "$date" : "2022-12-12T00:00:00.000-0500" }, "derecho" : { "$oid" : "56a2cd7ba88a7ed63fda93f1" }, "tramite" : { "$oid" : "56a2eda1a88a7ed63fda94a6" }, "codigo" : 47, "archivo" : "489093-2012.png", "fechavencDescarte" : false, "created" : { "$date" : "2018-12-10T12:05:48.302-0500" }, "finalizado" : true, "fechas" : { "fecvigenteDescarte" : false, "fecvencDescarte" : false, "obs" : "", "fecpubDescarte" : false, "noti" : "" }, "subclases" : [ { "clase" : "33", "codigo" : "01", "_id" : { "$oid" : "5c0e9cec598f069cad2fbbe4" } } ], "clases" : [ "33" ], "numcertificado" : "194113", "numexpediente" : "489093-2012", "nomsigno" : "DON SANTIAGO SANTIAGO QUEIROLO MOSTO VERDE ITALIA DESTILADO EN FALCA", "nomtit" : "SANTIAGO QUEIROLO S.A.C.", "codtit" : "SANTIAGO", "nomcli" : "SANTIAGO QUEIROLO S.A.C.", "codcli" : "QUEIROLO", "__v" : 0 }
